method,power,fdp
vanilla,1,0.09090909090909091
multiple,0.9833333333333333,0.016666666666666666
