method,power,fdp
vanilla,0.75,0.16666666666666666
multiple,0.6833333333333333,0.06818181818181818
