method,power,fdp
vanilla,0.7333333333333333,0.12
multiple,0.4666666666666667,0.034482758620689655
