method,power,fdp
vanilla,0.7,0.16
multiple,0.6333333333333333,0.09523809523809523
