method,power,fdp
vanilla,0.9666666666666667,0.13432835820895522
multiple,0.8166666666666667,0.0392156862745098
