method,power,fdp
vanilla,0.9666666666666667,0.30120481927710846
multiple,0.9666666666666667,0.1076923076923077
