method,power,fdp
vanilla,0.7666666666666667,0.1320754716981132
multiple,0.5,0.03225806451612903
