method,power,fdp
vanilla,0.8333333333333334,0.10714285714285714
multiple,0.8166666666666667,0.09259259259259259
