method,power,fdp
vanilla,0.8166666666666667,0.0392156862745098
multiple,0.8166666666666667,0.02
