method,power,fdp
vanilla,0.9,0.03571428571428571
multiple,0.8833333333333333,0.018518518518518517
