method,power,fdp
vanilla,0.65,0.09302325581395349
multiple,0.5166666666666667,0.06060606060606061
