method,power,fdp
vanilla,0.6166666666666667,0.0975609756097561
multiple,0.36666666666666664,0.08333333333333333
