method,power,fdp
vanilla,0.9166666666666666,0
multiple,0.9166666666666666,0.03508771929824561
