method,power,fdp
vanilla,0.95,0.17391304347826086
multiple,0.95,0.08064516129032258
