method,power,fdp
vanilla,0.5166666666666667,0.08823529411764706
multiple,0.4,0.04
