method,power,fdp
vanilla,0.85,0.15
multiple,0.7833333333333333,0.04081632653061224
