method,power,fdp
vanilla,0.9,0.1
multiple,0.8333333333333334,0.038461538461538464
