method,power,fdp
vanilla,0.7166666666666667,0.3064516129032258
multiple,0.6333333333333333,0.13636363636363635
