method,power,fdp
vanilla,0.6833333333333333,0.08888888888888889
multiple,0.4,0.04
