method,power,fdp
vanilla,0.8833333333333333,0.018518518518518517
multiple,0.8166666666666667,0.02
