method,power,fdp
vanilla,0.16666666666666666,0.23076923076923078
multiple,0,0
