method,power,fdp
vanilla,0.35,0.045454545454545456
multiple,0.43333333333333335,0.037037037037037035
