method,power,fdp
vanilla,0.8833333333333333,0.14516129032258066
multiple,0.8333333333333334,0
