method,power,fdp
vanilla,0.9666666666666667,0.03333333333333333
multiple,0.9666666666666667,0.01694915254237288
