method,power,fdp
vanilla,0.9833333333333333,0.23376623376623376
multiple,0.9833333333333333,0.04838709677419355
