method,power,fdp
vanilla,0.5333333333333333,0.08571428571428572
multiple,0.5333333333333333,0.08571428571428572
