method,power,fdp
vanilla,0.95,0.109375
multiple,0.8833333333333333,0.05357142857142857
