method,power,fdp
vanilla,0.43333333333333335,0.10344827586206896
multiple,0.4166666666666667,0.038461538461538464
