method,power,fdp
vanilla,0.9833333333333333,0.10606060606060606
multiple,0.9666666666666667,0.06451612903225806
