method,power,fdp
vanilla,0.85,0.19047619047619047
multiple,0.75,0.0425531914893617
