method,power,fdp
vanilla,1,0.21052631578947367
multiple,0.9666666666666667,0.03333333333333333
