method,power,fdp
vanilla,0.23333333333333334,0.17647058823529413
multiple,0,0
