method,power,fdp
vanilla,0.5,0.03225806451612903
multiple,0.5333333333333333,0.030303030303030304
