method,power,fdp
vanilla,0.8333333333333334,0.10714285714285714
multiple,0.75,0.1
