method,power,fdp
vanilla,0.9333333333333333,0.0967741935483871
multiple,0.8666666666666667,0.037037037037037035
