method,power,fdp
vanilla,0.9833333333333333,0.03278688524590164
multiple,0.9666666666666667,0.03333333333333333
