method,power,fdp
vanilla,0.4666666666666667,0.15151515151515152
multiple,0.35,0.045454545454545456
