method,power,fdp
vanilla,1,0.07692307692307693
multiple,0.9833333333333333,0.016666666666666666
