method,power,fdp
vanilla,0.8833333333333333,0.03636363636363636
multiple,0.85,0.03773584905660377
