method,power,fdp
vanilla,0.6666666666666666,0.1111111111111111
multiple,0.6166666666666667,0.02631578947368421
