method,power,fdp
vanilla,0.95,0.12307692307692308
multiple,0.8333333333333334,0.038461538461538464
