method,power,fdp
vanilla,0.6833333333333333,0.16326530612244897
multiple,0.4166666666666667,0
