method,power,fdp
vanilla,0.7166666666666667,0.044444444444444446
multiple,0.48333333333333334,0
