method,power,fdp
vanilla,0.36666666666666664,0
multiple,0.5333333333333333,0
