method,power,fdp
vanilla,1,0.15492957746478872
multiple,1,0.03225806451612903
