method,power,fdp
vanilla,0.16666666666666666,0.16666666666666666
multiple,0,0
