method,power,fdp
vanilla,0.5,0.03225806451612903
multiple,0.4166666666666667,0.038461538461538464
