method,power,fdp
vanilla,0.5166666666666667,0.06060606060606061
multiple,0.4166666666666667,0.038461538461538464
