method,power,fdp
vanilla,0.65,0.15217391304347827
multiple,0.5333333333333333,0.030303030303030304
