method,power,fdp
vanilla,0.21666666666666667,0.07142857142857142
multiple,0,0
