method,power,fdp
vanilla,0.9,0.18181818181818182
multiple,0.85,0.05555555555555555
