method,power,fdp
vanilla,0.13333333333333333,0.2727272727272727
multiple,0,0
