method,power,fdp
vanilla,0.6166666666666667,0.11904761904761904
multiple,0.48333333333333334,0
