method,power,fdp
vanilla,0.5333333333333333,0.058823529411764705
multiple,0.5333333333333333,0
