method,power,fdp
vanilla,0.9666666666666667,0.01694915254237288
multiple,0.9666666666666667,0.01694915254237288
