method,power,fdp
vanilla,0.9166666666666666,0.12698412698412698
multiple,0.8666666666666667,0.037037037037037035
