method,power,fdp
vanilla,0.9666666666666667,0.06451612903225806
multiple,0.9666666666666667,0.03333333333333333
