method,power,fdp
vanilla,0.7166666666666667,0.14
multiple,0.5333333333333333,0
