method,power,fdp
vanilla,0.55,0.08333333333333333
multiple,0.4666666666666667,0.034482758620689655
