method,power,fdp
vanilla,0.7333333333333333,0.15384615384615385
multiple,0.5,0.03225806451612903
