method,power,fdp
vanilla,0.6333333333333333,0.09523809523809523
multiple,0.5,0.03225806451612903
