method,power,fdp
vanilla,0.95,0.06557377049180328
multiple,0.95,0.017241379310344827
