method,power,fdp
vanilla,0.85,0.05555555555555555
multiple,0.85,0.019230769230769232
