method,power,fdp
vanilla,0.95,0.09523809523809523
multiple,0.9,0.01818181818181818
