method,power,fdp
vanilla,1,0.16666666666666666
multiple,0.9833333333333333,0.03278688524590164
