method,power,fdp
vanilla,0.9666666666666667,0.03333333333333333
multiple,0.95,0.017241379310344827
