method,power,fdp
vanilla,0.9666666666666667,0.12121212121212122
multiple,0.95,0.017241379310344827
