method,power,fdp
vanilla,0.6333333333333333,0.09523809523809523
multiple,0.48333333333333334,0.03333333333333333
