method,power,fdp
vanilla,0.95,0.12307692307692308
multiple,0.8833333333333333,0.018518518518518517
