method,power,fdp
vanilla,1,0.1044776119402985
multiple,1,0.03225806451612903
