method,power,fdp
vanilla,1,0.047619047619047616
multiple,1,0.01639344262295082
