method,power,fdp
vanilla,1,0.14285714285714285
multiple,1,0.03225806451612903
