method,power,fdp
vanilla,0.5166666666666667,0.08823529411764706
multiple,0.4166666666666667,0.038461538461538464
