method,power,fdp
vanilla,1,0.09090909090909091
multiple,1,0.07692307692307693
