method,power,fdp
vanilla,0.9666666666666667,0.23684210526315788
multiple,0.9166666666666666,0.03508771929824561
