method,power,fdp
vanilla,0.55,0.08333333333333333
multiple,0.5166666666666667,0
