method,power,fdp
vanilla,0.8666666666666667,0.10344827586206896
multiple,0.85,0.019230769230769232
