method,power,fdp
vanilla,0.5166666666666667,0.11428571428571428
multiple,0.5,0.11764705882352941
