method,power,fdp
vanilla,0.5666666666666667,0.15
multiple,0.5166666666666667,0
