method,power,fdp
vanilla,0.6666666666666666,0.13043478260869565
multiple,0.5166666666666667,0.03125
