method,power,fdp
vanilla,0.5166666666666667,0.03125
multiple,0.38333333333333336,0.041666666666666664
