method,power,fdp
vanilla,0.9333333333333333,0.08196721311475409
multiple,0.95,0.06557377049180328
