method,power,fdp
vanilla,0.9166666666666666,0.12698412698412698
multiple,0.85,0
