method,power,fdp
vanilla,0.8833333333333333,0.1016949152542373
multiple,0.7666666666666667,0.02127659574468085
