method,power,fdp
vanilla,0.7833333333333333,0.24193548387096775
multiple,0.5,0.03225806451612903
