method,power,fdp
vanilla,1,0.15492957746478872
multiple,0.9833333333333333,0.04838709677419355
