method,power,fdp
vanilla,0.9833333333333333,0.04838709677419355
multiple,0.8833333333333333,0
