method,power,fdp
vanilla,0.5666666666666667,0.02857142857142857
multiple,0.5333333333333333,0
