method,power,fdp
vanilla,0.8666666666666667,0.13333333333333333
multiple,0.8166666666666667,0.09259259259259259
