method,power,fdp
vanilla,0.8,0.07692307692307693
multiple,0.7833333333333333,0.04081632653061224
