method,power,fdp
vanilla,1,0.13043478260869565
multiple,1,0.03225806451612903
