method,power,fdp
vanilla,0.9333333333333333,0
multiple,0.9166666666666666,0
