method,power,fdp
vanilla,0.95,0.2191780821917808
multiple,0.9333333333333333,0.017543859649122806
