method,power,fdp
vanilla,0.6833333333333333,0.046511627906976744
multiple,0.6,0
