method,power,fdp
vanilla,0.6,0.14285714285714285
multiple,0.4166666666666667,0.038461538461538464
