method,power,fdp
vanilla,1,0.07692307692307693
multiple,1,0.01639344262295082
