method,power,fdp
vanilla,0.8,0.12727272727272726
multiple,0.8166666666666667,0.07547169811320754
