method,power,fdp
vanilla,0.43333333333333335,0.3157894736842105
multiple,0,0
