method,power,fdp
vanilla,0.85,0.05555555555555555
multiple,0.8333333333333334,0.038461538461538464
