method,power,fdp
vanilla,0.65,0.09302325581395349
multiple,0.5666666666666667,0.02857142857142857
