method,power,fdp
vanilla,0.7,0.14285714285714285
multiple,0.43333333333333335,0.037037037037037035
