method,power,fdp
vanilla,0.8833333333333333,0.11666666666666667
multiple,0.8166666666666667,0.057692307692307696
