method,power,fdp
vanilla,0.95,0.17391304347826086
multiple,0.8333333333333334,0.038461538461538464
