method,power,fdp
vanilla,0.16666666666666666,0.09090909090909091
multiple,0,0
