method,power,fdp
vanilla,0.95,0.09523809523809523
multiple,0.95,0.06557377049180328
