method,power,fdp
vanilla,0.9833333333333333,0.1917808219178082
multiple,0.9833333333333333,0.04838709677419355
