method,power,fdp
vanilla,0.95,0.05
multiple,0.9666666666666667,0.04918032786885246
