method,power,fdp
vanilla,0.8666666666666667,0.08771929824561403
multiple,0.8666666666666667,0.018867924528301886
