method,power,fdp,seedB
vanilla,1,0.10714285714285714,1
multiple,0.98,0.02,1
vanilla,0.96,0.07692307692307693,2
multiple,0.98,0.02,2
