method,power,fdp,seed
vanilla,0.98,0.14035087719298245,37
adaptive,0.7,0.027777777777777776,37
multiple,0.98,0.057692307692307696,37
weighted_multiple,1,0.038461538461538464,37
