method,power,fdp,seed
vanilla,0.9,0.1509433962264151,37
adaptive,0.64,0.030303030303030304,37
multiple,0.64,0,37
weighted_multiple,0.78,0.025,37
