method,power,fdp,seed
vanilla,0.88,0.08333333333333333,54
adaptive,0.96,0.09433962264150944,54
multiple,0.86,0.022727272727272728,54
weighted_multiple,0.92,0.02127659574468085,54
