method,power,fdp,seed
vanilla,0.98,0.10909090909090909,58
adaptive,0.78,0.09302325581395349,58
multiple,1,0.07407407407407407,58
weighted_multiple,1,0.05660377358490566,58
