method,power,fdp,seed
vanilla,0.94,0.21666666666666667,30
adaptive,0.94,0.21666666666666667,30
multiple,0.94,0.09615384615384616,30
weighted_multiple,0.96,0.07692307692307693,30
