method,power,fdp,seed
vanilla,0.92,0.1320754716981132,74
adaptive,0.9,0.1509433962264151,74
multiple,0.96,0.09433962264150944,74
weighted_multiple,0.96,0.09433962264150944,74
