method,power,fdp,seed
vanilla,0.96,0.07692307692307693,31
adaptive,0.88,0.043478260869565216,31
multiple,0.96,0.058823529411764705,31
weighted_multiple,0.96,0.058823529411764705,31
