method,power,fdp,seed
vanilla,1,0.09090909090909091,77
adaptive,1,0.09090909090909091,77
multiple,0.94,0,77
weighted_multiple,1,0.05660377358490566,77
