method,power,fdp,seed
vanilla,1,0.12280701754385964,24
adaptive,1,0.12280701754385964,24
multiple,1,0.05660377358490566,24
weighted_multiple,1,0.05660377358490566,24
