method,power,fdp,seed
vanilla,1,0.24242424242424243,30
adaptive,1,0.24242424242424243,30
multiple,1,0.09090909090909091,30
weighted_multiple,1,0.09090909090909091,30
