method,power,fdp,seed
vanilla,0.96,0.12727272727272726,64
adaptive,0.94,0.09615384615384616,64
multiple,0.88,0.043478260869565216,64
weighted_multiple,0.96,0.058823529411764705,64
