method,power,fdp,seed
vanilla,0.98,0.09259259259259259,62
adaptive,0.98,0.10909090909090909,62
multiple,0.98,0.0392156862745098,62
weighted_multiple,1,0.05660377358490566,62
