method,power,fdp,seed
vanilla,1,0.18032786885245902,34
adaptive,1,0.18032786885245902,34
multiple,0.98,0.0392156862745098,34
weighted_multiple,1,0.0196078431372549,34
