method,power,fdp,seed
vanilla,1,0.12280701754385964,39
adaptive,1,0.13793103448275862,39
multiple,1,0.038461538461538464,39
weighted_multiple,1,0.05660377358490566,39
