method,power,fdp,seed
vanilla,0.96,0.23809523809523808,30
adaptive,0.96,0.23809523809523808,30
multiple,0.98,0.09259259259259259,30
weighted_multiple,0.98,0.09259259259259259,30
