method,power,fdp,seed
vanilla,0.98,0.057692307692307696,96
adaptive,0.96,0.04,96
multiple,1,0.05660377358490566,96
weighted_multiple,1,0.038461538461538464,96
