method,power,fdp,seed
vanilla,0.98,0.19672131147540983,44
adaptive,0.98,0.19672131147540983,44
multiple,0.9,0.021739130434782608,44
weighted_multiple,0.94,0.04081632653061224,44
