method,power,fdp,seed
vanilla,1,0.09090909090909091,10
adaptive,1,0.12280701754385964,10
multiple,1,0.0196078431372549,10
weighted_multiple,1,0.0196078431372549,10
