method,power,fdp,seed
vanilla,0.84,0.10638297872340426,79
adaptive,0.82,0.1276595744680851,79
multiple,0.8,0.024390243902439025,79
weighted_multiple,0.84,0.023255813953488372,79
