method,power,fdp,seed
vanilla,0.96,0.15789473684210525,6
adaptive,0.74,0.0975609756097561,6
multiple,1,0.09090909090909091,6
weighted_multiple,1,0.10714285714285714,6
