method,power,fdp,seed
vanilla,0.94,0.04081632653061224,67
adaptive,0.84,0.023255813953488372,67
multiple,1,0.038461538461538464,67
weighted_multiple,1,0.0196078431372549,67
