method,power,fdp,seed
vanilla,0.96,0.15789473684210525,97
adaptive,0.72,0.07692307692307693,97
multiple,1,0.05660377358490566,97
weighted_multiple,1,0.038461538461538464,97
