method,power,fdp,seed
vanilla,0.94,0.020833333333333332,35
adaptive,0.84,0.023255813953488372,35
multiple,1,0.038461538461538464,35
weighted_multiple,1,0.038461538461538464,35
