method,power,fdp,seed
vanilla,0.9,0.11764705882352941,23
adaptive,0.9,0.11764705882352941,23
multiple,0.7,0,23
weighted_multiple,0.7,0,23
