method,power,fdp,seed
vanilla,0.9,0.0625,91
adaptive,0.86,0.0851063829787234,91
multiple,1,0.09090909090909091,91
weighted_multiple,1,0.07407407407407407,91
