method,power,fdp,seed
vanilla,0.9,0.0625,12
adaptive,0.8,0.047619047619047616,12
multiple,0.98,0.09259259259259259,12
weighted_multiple,1,0.07407407407407407,12
