method,power,fdp,seed
vanilla,1,0.10714285714285714,89
adaptive,1,0.10714285714285714,89
multiple,1,0.0196078431372549,89
weighted_multiple,1,0.0196078431372549,89
