method,power,fdp,seed
vanilla,0.88,0.022222222222222223,41
adaptive,0.84,0.023255813953488372,41
multiple,0.88,0,41
weighted_multiple,0.98,0,41
