method,power,fdp,seed
vanilla,0.8,0.024390243902439025,13
adaptive,0.76,0,13
multiple,0.78,0.025,13
weighted_multiple,0.9,0.021739130434782608,13
