method,power,fdp,seed
vanilla,0.9,0.11764705882352941,70
adaptive,0.5,0.038461538461538464,70
multiple,0.92,0,70
weighted_multiple,0.96,0.02040816326530612,70
