method,power,fdp,seed
vanilla,1,0.10714285714285714,95
adaptive,1,0.10714285714285714,95
multiple,1,0.0196078431372549,95
weighted_multiple,1,0.0196078431372549,95
