method,power,fdp,seed
vanilla,0.96,0.15789473684210525,20
adaptive,0.9,0.19642857142857142,20
multiple,0.94,0.020833333333333332,20
weighted_multiple,0.96,0.04,20
