method,power,fdp,seed
vanilla,0.96,0.1111111111111111,70
adaptive,0.9,0.1346153846153846,70
multiple,0.96,0.02040816326530612,70
weighted_multiple,1,0.038461538461538464,70
