method,power,fdp,seed
vanilla,0.82,0.08888888888888889,90
adaptive,0.9,0.11764705882352941,90
multiple,0.8,0.047619047619047616,90
weighted_multiple,0.86,0.044444444444444446,90
