method,power,fdp,seed
vanilla,0.96,0.09433962264150944,79
adaptive,1,0.18032786885245902,79
multiple,0.94,0.020833333333333332,79
weighted_multiple,0.96,0.058823529411764705,79
