method,power,fdp,seed
vanilla,0.84,0.045454545454545456,59
adaptive,0.84,0.045454545454545456,59
multiple,0.82,0,59
weighted_multiple,0.88,0,59
