method,power,fdp,seed
vanilla,0.98,0.14035087719298245,37
adaptive,0.92,0.09803921568627451,37
multiple,1,0.05660377358490566,37
weighted_multiple,1,0.038461538461538464,37
