method,power,fdp,seed
vanilla,0.88,0.043478260869565216,57
adaptive,0.58,0.03333333333333333,57
multiple,0.88,0.043478260869565216,57
weighted_multiple,0.94,0.020833333333333332,57
