method,power,fdp,seed
vanilla,0.9,0.0425531914893617,29
adaptive,0.74,0.02631578947368421,29
multiple,0.94,0.020833333333333332,29
weighted_multiple,0.96,0.02040816326530612,29
