method,power,fdp,seed
vanilla,0.98,0.057692307692307696,14
adaptive,0.82,0,14
multiple,0.98,0.0392156862745098,14
weighted_multiple,1,0.038461538461538464,14
