method,power,fdp,seed
vanilla,1,0.09090909090909091,62
adaptive,1,0.12280701754385964,62
multiple,1,0.038461538461538464,62
weighted_multiple,1,0.05660377358490566,62
