method,power,fdp,seed
vanilla,1,0.12280701754385964,74
adaptive,0.92,0.11538461538461539,74
multiple,1,0.09090909090909091,74
weighted_multiple,1,0.09090909090909091,74
