method,power,fdp,seed
vanilla,0.78,0.025,82
adaptive,0.8,0.047619047619047616,82
multiple,0.82,0.023809523809523808,82
weighted_multiple,0.88,0.043478260869565216,82
