method,power,fdp,seed
vanilla,0.9,0.0625,47
adaptive,0.94,0.12962962962962962,47
multiple,0.98,0.0392156862745098,47
weighted_multiple,0.98,0.02,47
