method,power,fdp,seed
vanilla,0.86,0.044444444444444446,96
adaptive,0.86,0,96
multiple,0.9,0.0625,96
weighted_multiple,0.92,0.02127659574468085,96
