method,power,fdp,seed
vanilla,0.98,0.07547169811320754,100
adaptive,0.86,0.022727272727272728,100
multiple,1,0.0196078431372549,100
weighted_multiple,1,0.0196078431372549,100
