method,power,fdp,seed
vanilla,0.98,0.09259259259259259,95
adaptive,0.98,0.09259259259259259,95
multiple,0.9,0.021739130434782608,95
weighted_multiple,0.96,0.02040816326530612,95
