method,power,fdp,seed
vanilla,0.96,0.09433962264150944,76
adaptive,0.94,0.16071428571428573,76
multiple,0.96,0,76
weighted_multiple,0.98,0.0392156862745098,76
