method,power,fdp,seed
vanilla,0.98,0.15517241379310345,63
adaptive,0.98,0.15517241379310345,63
multiple,0.96,0.09433962264150944,63
weighted_multiple,0.96,0.07692307692307693,63
