method,power,fdp,seed
vanilla,0.98,0.0392156862745098,85
adaptive,0.96,0,85
multiple,1,0.038461538461538464,85
weighted_multiple,1,0.038461538461538464,85
