method,power,fdp,seed
vanilla,0.92,0.061224489795918366,26
adaptive,0.94,0.12962962962962962,26
multiple,0.94,0.04081632653061224,26
weighted_multiple,0.98,0.0392156862745098,26
