method,power,fdp,seed
vanilla,0.98,0,65
adaptive,0.92,0.02127659574468085,65
multiple,1,0.0196078431372549,65
weighted_multiple,1,0,65
