method,power,fdp,seed
vanilla,0.98,0.0392156862745098,4
adaptive,0.92,0.09803921568627451,4
multiple,1,0.0196078431372549,4
weighted_multiple,1,0.0196078431372549,4
