method,power,fdp,seed
vanilla,0.96,0.058823529411764705,12
adaptive,0.8,0.047619047619047616,12
multiple,1,0.09090909090909091,12
weighted_multiple,1,0.07407407407407407,12
