method,power,fdp,seed
vanilla,1,0.05660377358490566,21
adaptive,0.98,0.07547169811320754,21
multiple,1,0.038461538461538464,21
weighted_multiple,1,0.038461538461538464,21
