method,power,fdp,seed
vanilla,1,0.10714285714285714,36
adaptive,1,0.10714285714285714,36
multiple,1,0.038461538461538464,36
weighted_multiple,1,0.0196078431372549,36
