method,power,fdp,seed
vanilla,0.96,0.07692307692307693,100
adaptive,0.84,0.023255813953488372,100
multiple,1,0.0196078431372549,100
weighted_multiple,1,0.0196078431372549,100
