method,power,fdp,seed
vanilla,1,0.16666666666666666,83
adaptive,1,0.16666666666666666,83
multiple,1,0.0196078431372549,83
weighted_multiple,1,0.038461538461538464,83
