method,power,fdp,seed
vanilla,0.56,0.06666666666666667,6
adaptive,0.42,0.045454545454545456,6
multiple,0.7,0.05405405405405406,6
weighted_multiple,0.74,0.02631578947368421,6
