method,power,fdp,seed
vanilla,0.88,0.06382978723404255,7
adaptive,0.88,0.022222222222222223,7
multiple,0.84,0.045454545454545456,7
weighted_multiple,0.82,0.023809523809523808,7
