method,power,fdp,seed
vanilla,0.86,0.10416666666666667,77
adaptive,0.84,0.06666666666666667,77
multiple,0.72,0,77
weighted_multiple,0.8,0.047619047619047616,77
