method,power,fdp,seed
vanilla,0.88,0.022222222222222223,3
adaptive,0.78,0.11363636363636363,3
multiple,0.74,0.02631578947368421,3
weighted_multiple,0.84,0.023255813953488372,3
