method,power,fdp,seed
vanilla,0.92,0.09803921568627451,36
adaptive,0.92,0.09803921568627451,36
multiple,0.8,0,36
weighted_multiple,0.86,0.022727272727272728,36
