method,power,fdp,seed
vanilla,0.8,0.047619047619047616,12
adaptive,0.82,0.046511627906976744,12
multiple,0.94,0.09615384615384616,12
weighted_multiple,0.98,0.07547169811320754,12
