method,power,fdp,seed
vanilla,0.96,0.04,81
adaptive,0.96,0.04,81
multiple,0.9,0.021739130434782608,81
weighted_multiple,0.94,0.020833333333333332,81
