method,power,fdp,seed
vanilla,0.82,0.023809523809523808,56
adaptive,0.8,0.047619047619047616,56
multiple,0.76,0.02564102564102564,56
weighted_multiple,0.84,0.023255813953488372,56
