method,power,fdp,seed
vanilla,1,0.1935483870967742,44
adaptive,1,0.1935483870967742,44
multiple,0.98,0.0392156862745098,44
weighted_multiple,0.98,0.0392156862745098,44
