method,power,fdp,seed
vanilla,0.98,0.057692307692307696,26
adaptive,0.98,0.09259259259259259,26
multiple,0.98,0.0392156862745098,26
weighted_multiple,0.98,0.0392156862745098,26
