method,power,fdp,seed
vanilla,1,0.18032786885245902,20
adaptive,0.94,0.21666666666666667,20
multiple,0.98,0.0392156862745098,20
weighted_multiple,1,0.038461538461538464,20
