method,power,fdp,seed
vanilla,0.98,0.125,39
adaptive,1,0.13793103448275862,39
multiple,1,0.038461538461538464,39
weighted_multiple,1,0.07407407407407407,39
