method,power,fdp,seed
vanilla,0.92,0.08,27
adaptive,0.88,0.10204081632653061,27
multiple,0.9,0,27
weighted_multiple,0.94,0.020833333333333332,27
