method,power,fdp,seed
vanilla,0.98,0.125,60
adaptive,0.84,0.06666666666666667,60
multiple,1,0.038461538461538464,60
weighted_multiple,1,0,60
