method,power,fdp,seed
vanilla,0.98,0.15517241379310345,68
adaptive,0.86,0.044444444444444446,68
multiple,0.9,0.0425531914893617,68
weighted_multiple,1,0.0196078431372549,68
