method,power,fdp,seed
vanilla,0.9,0.021739130434782608,13
adaptive,0.76,0,13
multiple,0.94,0.020833333333333332,13
weighted_multiple,0.94,0.020833333333333332,13
