method,power,fdp,seed
vanilla,1,0.1935483870967742,69
adaptive,1,0.1935483870967742,69
multiple,0.98,0.07547169811320754,69
weighted_multiple,1,0.038461538461538464,69
