method,power,fdp,seed
vanilla,0.98,0.09259259259259259,18
adaptive,0.98,0.09259259259259259,18
multiple,0.92,0,18
weighted_multiple,0.94,0.020833333333333332,18
