method,power,fdp,seed
vanilla,1,0.09090909090909091,55
adaptive,0.96,0.07692307692307693,55
multiple,1,0.05660377358490566,55
weighted_multiple,1,0.05660377358490566,55
