method,power,fdp,seed
vanilla,0.96,0.12727272727272726,74
adaptive,0.92,0.11538461538461539,74
multiple,0.96,0.09433962264150944,74
weighted_multiple,1,0.09090909090909091,74
