method,power,fdp,seed
vanilla,1,0.05660377358490566,8
adaptive,0.84,0.045454545454545456,8
multiple,1,0.038461538461538464,8
weighted_multiple,1,0.038461538461538464,8
