method,power,fdp,seed
vanilla,1,0.07407407407407407,15
adaptive,0.9,0.0625,15
multiple,1,0,15
weighted_multiple,1,0.0196078431372549,15
