method,power,fdp,seed
vanilla,1,0.10714285714285714,47
adaptive,1,0.12280701754385964,47
multiple,1,0.038461538461538464,47
weighted_multiple,1,0.038461538461538464,47
