method,power,fdp,seed
vanilla,0.82,0.10869565217391304,1
adaptive,0.86,0.1568627450980392,1
multiple,0.78,0.04878048780487805,1
weighted_multiple,0.8,0.024390243902439025,1
