method,power,fdp,seed
vanilla,0.98,0.19672131147540983,86
adaptive,0.98,0.19672131147540983,86
multiple,0.98,0.057692307692307696,86
weighted_multiple,0.98,0.057692307692307696,86
