method,power,fdp,seed
vanilla,1,0.0196078431372549,17
adaptive,0.84,0.10638297872340426,17
multiple,0.98,0.02,17
weighted_multiple,1,0,17
