method,power,fdp,seed
vanilla,0.98,0.057692307692307696,87
adaptive,0.9,0.1346153846153846,87
multiple,1,0.0196078431372549,87
weighted_multiple,1,0.0196078431372549,87
