method,power,fdp,seed
vanilla,0.98,0.057692307692307696,26
adaptive,0.98,0.10909090909090909,26
multiple,0.98,0.0392156862745098,26
weighted_multiple,1,0.038461538461538464,26
