method,power,fdp,seed
vanilla,0.98,0.10909090909090909,92
adaptive,0.86,0.022727272727272728,92
multiple,0.98,0.057692307692307696,92
weighted_multiple,1,0.0196078431372549,92
