method,power,fdp,seed
vanilla,0.82,0.023809523809523808,35
adaptive,0.82,0,35
multiple,0.88,0.043478260869565216,35
weighted_multiple,0.92,0.041666666666666664,35
