method,power,fdp,seed
vanilla,0.9,0.1346153846153846,74
adaptive,0.76,0.09523809523809523,74
multiple,0.9,0.1,74
weighted_multiple,0.94,0.09615384615384616,74
