method,power,fdp,seed
vanilla,0.98,0.14035087719298245,78
adaptive,0.98,0.15517241379310345,78
multiple,1,0.0196078431372549,78
weighted_multiple,1,0.0196078431372549,78
