method,power,fdp,seed
vanilla,0.98,0.15517241379310345,97
adaptive,0.8,0.06976744186046512,97
multiple,1,0.05660377358490566,97
weighted_multiple,1,0.05660377358490566,97
