method,power,fdp,seed
vanilla,0.9,0.11764705882352941,2
adaptive,0.94,0.11320754716981132,2
multiple,0.92,0.02127659574468085,2
weighted_multiple,0.92,0.041666666666666664,2
