method,power,fdp,seed
vanilla,0.86,0.06521739130434782,91
adaptive,0.76,0.09523809523809523,91
multiple,1,0.09090909090909091,91
weighted_multiple,1,0.07407407407407407,91
