method,power,fdp,seed
vanilla,0.96,0.07692307692307693,54
adaptive,0.98,0.09259259259259259,54
multiple,0.96,0.02040816326530612,54
weighted_multiple,0.98,0.0392156862745098,54
