method,power,fdp,seed
vanilla,0.96,0.09433962264150944,9
adaptive,0.8,0.06976744186046512,9
multiple,1,0.05660377358490566,9
weighted_multiple,1,0.038461538461538464,9
