method,power,fdp,seed
vanilla,0.88,0.10204081632653061,95
adaptive,0.88,0.10204081632653061,95
multiple,0.68,0,95
weighted_multiple,0.88,0.022222222222222223,95
