method,power,fdp,seed
vanilla,0.98,0.02,75
adaptive,0.88,0.022222222222222223,75
multiple,1,0.038461538461538464,75
weighted_multiple,1,0.0196078431372549,75
