method,power,fdp,seed
vanilla,0.96,0.04,48
adaptive,1,0.038461538461538464,48
multiple,1,0.038461538461538464,48
weighted_multiple,1,0.05660377358490566,48
