method,power,fdp,seed
vanilla,0.94,0.21666666666666667,30
adaptive,0.94,0.21666666666666667,30
multiple,0.86,0.10416666666666667,30
weighted_multiple,0.92,0.061224489795918366,30
