method,power,fdp,seed
vanilla,0.94,0.0784313725490196,28
adaptive,0.88,0.08333333333333333,28
multiple,0.9,0.0425531914893617,28
weighted_multiple,0.94,0.020833333333333332,28
