method,power,fdp,seed
vanilla,0.9,0.1,60
adaptive,0.78,0.09302325581395349,60
multiple,0.94,0.020833333333333332,60
weighted_multiple,1,0,60
