method,power,fdp,seed
vanilla,1,0.05660377358490566,25
adaptive,0.82,0.023809523809523808,25
multiple,1,0.0196078431372549,25
weighted_multiple,1,0,25
