method,power,fdp,seed
vanilla,1,0.10714285714285714,19
adaptive,0.86,0.0851063829787234,19
multiple,1,0.07407407407407407,19
weighted_multiple,1,0.05660377358490566,19
