method,power,fdp,seed
vanilla,0.94,0.04081632653061224,61
adaptive,0.94,0.09615384615384616,61
multiple,0.98,0,61
weighted_multiple,1,0.038461538461538464,61
