method,power,fdp,seed
vanilla,0.84,0.06666666666666667,46
adaptive,0.96,0.07692307692307693,46
multiple,0.9,0.021739130434782608,46
weighted_multiple,0.9,0.021739130434782608,46
