method,power,fdp,seed
vanilla,0.98,0.07547169811320754,49
adaptive,1,0.09090909090909091,49
multiple,1,0.038461538461538464,49
weighted_multiple,1,0.07407407407407407,49
