method,power,fdp,seed
vanilla,0.96,0.07692307692307693,7
adaptive,0.98,0.0392156862745098,7
multiple,0.92,0.041666666666666664,7
weighted_multiple,0.94,0.020833333333333332,7
