method,power,fdp,seed
vanilla,0.98,0.20967741935483872,86
adaptive,0.9,0.16666666666666666,86
multiple,0.98,0.057692307692307696,86
weighted_multiple,0.98,0.057692307692307696,86
