method,power,fdp,seed
vanilla,1,0.13793103448275862,72
adaptive,1,0.07407407407407407,72
multiple,0.98,0.09259259259259259,72
weighted_multiple,0.98,0.0392156862745098,72
