method,power,fdp,seed
vanilla,0.88,0.15384615384615385,6
adaptive,0.64,0.058823529411764705,6
multiple,0.98,0.09259259259259259,6
weighted_multiple,1,0.10714285714285714,6
