method,power,fdp,seed
vanilla,1,0.18032786885245902,5
adaptive,1,0.18032786885245902,5
multiple,0.98,0.0392156862745098,5
weighted_multiple,0.98,0.057692307692307696,5
