method,power,fdp,seed
vanilla,0.96,0.09433962264150944,45
adaptive,0.96,0.09433962264150944,45
multiple,0.98,0.0392156862745098,45
weighted_multiple,0.98,0.0392156862745098,45
