method,power,fdp,seed
vanilla,0.96,0.1111111111111111,47
adaptive,0.82,0.08888888888888889,47
multiple,1,0.038461538461538464,47
weighted_multiple,1,0.038461538461538464,47
