method,power,fdp,seed
vanilla,0.98,0.125,52
adaptive,0.88,0.16981132075471697,52
multiple,1,0.0196078431372549,52
weighted_multiple,1,0,52
