method,power,fdp,seed
vanilla,0.88,0.022222222222222223,82
adaptive,0.94,0.06,82
multiple,1,0.038461538461538464,82
weighted_multiple,1,0.05660377358490566,82
