method,power,fdp,seed
vanilla,1,0.09090909090909091,79
adaptive,1,0.18032786885245902,79
multiple,1,0.038461538461538464,79
weighted_multiple,1,0.05660377358490566,79
