method,power,fdp,seed
vanilla,1,0.09090909090909091,18
adaptive,1,0.09090909090909091,18
multiple,1,0,18
weighted_multiple,1,0.0196078431372549,18
