method,power,fdp,seed
vanilla,0.76,0.05,42
adaptive,0.52,0.037037037037037035,42
multiple,0.76,0.02564102564102564,42
weighted_multiple,0.78,0.04878048780487805,42
