method,power,fdp,seed
vanilla,0.98,0.02,82
adaptive,1,0.038461538461538464,82
multiple,1,0.038461538461538464,82
weighted_multiple,1,0.05660377358490566,82
