method,power,fdp,seed
vanilla,0.96,0.058823529411764705,87
adaptive,0.84,0.10638297872340426,87
multiple,1,0.0196078431372549,87
weighted_multiple,1,0.0196078431372549,87
