method,power,fdp,seed
vanilla,0.98,0.057692307692307696,21
adaptive,0.98,0.07547169811320754,21
multiple,0.98,0.0392156862745098,21
weighted_multiple,0.98,0.0392156862745098,21
