method,power,fdp,seed
vanilla,0.98,0.0392156862745098,73
adaptive,0.98,0.057692307692307696,73
multiple,0.96,0,73
weighted_multiple,0.96,0,73
