method,power,fdp,seed
vanilla,0.96,0.058823529411764705,46
adaptive,0.98,0.07547169811320754,46
multiple,0.96,0.02040816326530612,46
weighted_multiple,0.98,0.0392156862745098,46
