method,power,fdp,seed
vanilla,0.88,0.022222222222222223,100
adaptive,0.92,0.09803921568627451,100
multiple,0.86,0.022727272727272728,100
weighted_multiple,0.88,0.022222222222222223,100
