method,power,fdp,seed
vanilla,0.96,0.058823529411764705,26
adaptive,0.98,0.10909090909090909,26
multiple,0.98,0.0392156862745098,26
weighted_multiple,0.98,0.0392156862745098,26
