method,power,fdp,seed
vanilla,1,0.12280701754385964,2
adaptive,1,0.12280701754385964,2
multiple,0.98,0.0392156862745098,2
weighted_multiple,1,0.038461538461538464,2
