method,power,fdp,seed
vanilla,0.86,0.044444444444444446,67
adaptive,0.76,0,67
multiple,0.98,0.0392156862745098,67
weighted_multiple,1,0.0196078431372549,67
