method,power,fdp,seed
vanilla,0.88,0.022222222222222223,51
adaptive,0.92,0.08,51
multiple,0.74,0,51
weighted_multiple,0.9,0.021739130434782608,51
