method,power,fdp,seed
vanilla,1,0.05660377358490566,8
adaptive,0.82,0.046511627906976744,8
multiple,1,0.038461538461538464,8
weighted_multiple,1,0.038461538461538464,8
