method,power,fdp,seed
vanilla,0.98,0.09259259259259259,94
adaptive,0.66,0,94
multiple,0.94,0,94
weighted_multiple,0.98,0.057692307692307696,94
