method,power,fdp,seed
vanilla,0.8,0.06976744186046512,63
adaptive,0.78,0.04878048780487805,63
multiple,0.78,0.07142857142857142,63
weighted_multiple,0.82,0.046511627906976744,63
