method,power,fdp,seed
vanilla,0.94,0.0784313725490196,33
adaptive,0.88,0.043478260869565216,33
multiple,0.92,0,33
weighted_multiple,0.94,0,33
