method,power,fdp,seed
vanilla,1,0.12280701754385964,89
adaptive,1,0.12280701754385964,89
multiple,1,0.0196078431372549,89
weighted_multiple,1,0.0196078431372549,89
