method,power,fdp,seed
vanilla,0.48,0.07692307692307693,67
adaptive,0.64,0,67
multiple,0.8,0.047619047619047616,67
weighted_multiple,0.82,0.023809523809523808,67
