method,power,fdp,seed
vanilla,0.88,0.06382978723404255,31
adaptive,0.62,0.03125,31
multiple,0.88,0.043478260869565216,31
weighted_multiple,0.9,0.0425531914893617,31
