method,power,fdp,seed
vanilla,1,0.09090909090909091,79
adaptive,1,0.18032786885245902,79
multiple,0.96,0.02040816326530612,79
weighted_multiple,0.98,0.057692307692307696,79
