method,power,fdp,seed
vanilla,0.92,0.09803921568627451,1
adaptive,0.98,0.09259259259259259,1
multiple,0.94,0.0784313725490196,1
weighted_multiple,0.94,0.06,1
