method,power,fdp,seed
vanilla,0.94,0.11320754716981132,97
adaptive,0.72,0.02702702702702703,97
multiple,0.92,0.061224489795918366,97
weighted_multiple,0.92,0.041666666666666664,97
