method,power,fdp,seed
vanilla,1,0.07407407407407407,100
adaptive,1,0.07407407407407407,100
multiple,1,0.0196078431372549,100
weighted_multiple,1,0.0196078431372549,100
