method,power,fdp,seed
vanilla,0.96,0.058823529411764705,25
adaptive,0.86,0.022727272727272728,25
multiple,0.8,0,25
weighted_multiple,0.92,0,25
