method,power,fdp,seed
vanilla,1,0.09090909090909091,1
adaptive,0.98,0.10909090909090909,1
multiple,1,0.09090909090909091,1
weighted_multiple,1,0.05660377358490566,1
