method,power,fdp,seed
vanilla,1,0.038461538461538464,11
adaptive,1,0.038461538461538464,11
multiple,1,0.0196078431372549,11
weighted_multiple,1,0.0196078431372549,11
