method,power,fdp,seed
vanilla,0.98,0.10909090909090909,23
adaptive,0.98,0.10909090909090909,23
multiple,1,0.0196078431372549,23
weighted_multiple,1,0.0196078431372549,23
