method,power,fdp,seed
vanilla,0.88,0.043478260869565216,98
adaptive,0.9,0.1346153846153846,98
multiple,0.78,0,98
weighted_multiple,0.84,0,98
