method,power,fdp,seed
vanilla,0.96,0.09433962264150944,55
adaptive,0.9,0.0425531914893617,55
multiple,0.98,0.057692307692307696,55
weighted_multiple,0.98,0.0392156862745098,55
