method,power,fdp,seed
vanilla,1,0.12280701754385964,2
adaptive,1,0.10714285714285714,2
multiple,1,0.038461538461538464,2
weighted_multiple,1,0.038461538461538464,2
