method,power,fdp,seed
vanilla,0.94,0,75
adaptive,0.84,0,75
multiple,0.98,0.0392156862745098,75
weighted_multiple,1,0.0196078431372549,75
