method,power,fdp,seed
vanilla,0.98,0.10909090909090909,47
adaptive,0.96,0.12727272727272726,47
multiple,1,0.038461538461538464,47
weighted_multiple,1,0.038461538461538464,47
