method,power,fdp,seed
vanilla,0.94,0.11320754716981132,97
adaptive,0.96,0.09433962264150944,97
multiple,1,0.05660377358490566,97
weighted_multiple,1,0.038461538461538464,97
