method,power,fdp,seed
vanilla,0.68,0.02857142857142857,60
adaptive,0.46,0,60
multiple,0.76,0.02564102564102564,60
weighted_multiple,0.84,0,60
