method,power,fdp,seed
vanilla,0.82,0.046511627906976744,47
adaptive,0.5,0.038461538461538464,47
multiple,0.82,0.046511627906976744,47
weighted_multiple,0.88,0.022222222222222223,47
