method,power,fdp,seed
vanilla,0.98,0.07547169811320754,84
adaptive,0.98,0.07547169811320754,84
multiple,1,0.038461538461538464,84
weighted_multiple,1,0.038461538461538464,84
