method,power,fdp,seed
vanilla,0.98,0.09259259259259259,51
adaptive,0.98,0.09259259259259259,51
multiple,0.98,0.02,51
weighted_multiple,0.98,0.0392156862745098,51
