method,power,fdp,seed
vanilla,1,0.038461538461538464,40
adaptive,1,0.09090909090909091,40
multiple,1,0.038461538461538464,40
weighted_multiple,1,0.038461538461538464,40
