method,power,fdp,seed
vanilla,0.98,0.15517241379310345,70
adaptive,0.98,0.15517241379310345,70
multiple,1,0.0196078431372549,70
weighted_multiple,1,0.05660377358490566,70
