method,power,fdp,seed
vanilla,0.98,0.15517241379310345,88
adaptive,0.9,0.18181818181818182,88
multiple,0.96,0.058823529411764705,88
weighted_multiple,0.98,0.057692307692307696,88
