method,power,fdp,seed
vanilla,0.96,0.07692307692307693,31
adaptive,0.98,0.057692307692307696,31
multiple,0.98,0.057692307692307696,31
weighted_multiple,0.98,0.057692307692307696,31
