method,power,fdp,seed
vanilla,0.96,0.058823529411764705,3
adaptive,0.9,0.1346153846153846,3
multiple,0.94,0.020833333333333332,3
weighted_multiple,0.98,0.02,3
