method,power,fdp,seed
vanilla,1,0.09090909090909091,10
adaptive,1,0.10714285714285714,10
multiple,1,0.0196078431372549,10
weighted_multiple,1,0.0196078431372549,10
