method,power,fdp,seed
vanilla,0.88,0.06382978723404255,78
adaptive,0.82,0.023809523809523808,78
multiple,0.9,0.021739130434782608,78
weighted_multiple,0.96,0.02040816326530612,78
