method,power,fdp,seed
vanilla,1,0.07407407407407407,54
adaptive,1,0.09090909090909091,54
multiple,1,0.05660377358490566,54
weighted_multiple,1,0.05660377358490566,54
