method,power,fdp,seed
vanilla,1,0.05660377358490566,43
adaptive,1,0.05660377358490566,43
multiple,0.98,0.0392156862745098,43
weighted_multiple,1,0.038461538461538464,43
