method,power,fdp,seed
vanilla,0.96,0.058823529411764705,42
adaptive,0.68,0.10526315789473684,42
multiple,0.98,0.0392156862745098,42
weighted_multiple,1,0.038461538461538464,42
