method,power,fdp,seed
vanilla,0.98,0.057692307692307696,12
adaptive,0.82,0.046511627906976744,12
multiple,1,0.09090909090909091,12
weighted_multiple,1,0.07407407407407407,12
