method,power,fdp,seed
vanilla,1,0.038461538461538464,73
adaptive,0.98,0.057692307692307696,73
multiple,1,0,73
weighted_multiple,1,0,73
