method,power,fdp,seed
vanilla,1,0.09090909090909091,95
adaptive,1,0.09090909090909091,95
multiple,0.98,0.02,95
weighted_multiple,1,0.0196078431372549,95
