method,power,fdp,seed
vanilla,0.96,0.04,100
adaptive,0.96,0.07692307692307693,100
multiple,0.96,0.02040816326530612,100
weighted_multiple,1,0.0196078431372549,100
