method,power,fdp,seed
vanilla,1,0.038461538461538464,4
adaptive,0.96,0.07692307692307693,4
multiple,1,0.0196078431372549,4
weighted_multiple,1,0.0196078431372549,4
