method,power,fdp,seed
vanilla,1,0.15254237288135594,88
adaptive,0.88,0.13725490196078433,88
multiple,1,0.05660377358490566,88
weighted_multiple,1,0.07407407407407407,88
