method,power,fdp,seed
vanilla,0.9,0.1346153846153846,66
adaptive,0.9,0.1346153846153846,66
multiple,0.84,0.023255813953488372,66
weighted_multiple,0.86,0,66
