method,power,fdp,seed
vanilla,0.98,0.057692307692307696,80
adaptive,0.7,0.125,80
multiple,1,0,80
weighted_multiple,1,0.0196078431372549,80
