method,power,fdp,seed
vanilla,0.98,0.10909090909090909,83
adaptive,0.94,0.12962962962962962,83
multiple,0.98,0.02,83
weighted_multiple,1,0.038461538461538464,83
