method,power,fdp,seed
vanilla,0.98,0.057692307692307696,56
adaptive,0.98,0.10909090909090909,56
multiple,1,0.0196078431372549,56
weighted_multiple,1,0.0196078431372549,56
