method,power,fdp,seed
vanilla,0.88,0.12,94
adaptive,0.74,0.05128205128205128,94
multiple,0.84,0,94
weighted_multiple,0.9,0.021739130434782608,94
