method,power,fdp,seed
vanilla,0.94,0.0784313725490196,63
adaptive,0.94,0.0784313725490196,63
multiple,0.92,0.09803921568627451,63
weighted_multiple,0.96,0.07692307692307693,63
