method,power,fdp,seed
vanilla,0.82,0.023809523809523808,11
adaptive,0.8,0.047619047619047616,11
multiple,0.86,0.022727272727272728,11
weighted_multiple,0.88,0.022222222222222223,11
