method,power,fdp,seed
vanilla,0.92,0.041666666666666664,29
adaptive,0.88,0.022222222222222223,29
multiple,1,0.0196078431372549,29
weighted_multiple,1,0.0196078431372549,29
