method,power,fdp,seed
vanilla,0.98,0.10909090909090909,89
adaptive,0.98,0.10909090909090909,89
multiple,0.78,0.025,89
weighted_multiple,0.78,0.025,89
