method,power,fdp,seed
vanilla,0.92,0.09803921568627451,22
adaptive,0.92,0.09803921568627451,22
multiple,0.9,0,22
weighted_multiple,0.94,0,22
