method,power,fdp,seed
vanilla,0.98,0.0392156862745098,57
adaptive,0.82,0.046511627906976744,57
multiple,1,0.038461538461538464,57
weighted_multiple,1,0.05660377358490566,57
