method,power,fdp,seed
vanilla,1,0.09090909090909091,33
adaptive,1,0.09090909090909091,33
multiple,1,0.0196078431372549,33
weighted_multiple,1,0.05660377358490566,33
