method,power,fdp,seed
vanilla,1,0.15254237288135594,70
adaptive,1,0.15254237288135594,70
multiple,1,0.0196078431372549,70
weighted_multiple,1,0.05660377358490566,70
