method,power,fdp,seed
vanilla,1,0.12280701754385964,98
adaptive,1,0.10714285714285714,98
multiple,1,0,98
weighted_multiple,1,0.038461538461538464,98
