method,power,fdp,seed
vanilla,0.8,0.024390243902439025,9
adaptive,0.62,0,9
multiple,0.84,0,9
weighted_multiple,0.92,0.02127659574468085,9
