method,power,fdp,seed
vanilla,1,0.05660377358490566,96
adaptive,1,0.05660377358490566,96
multiple,1,0.05660377358490566,96
weighted_multiple,1,0.038461538461538464,96
