method,power,fdp,seed
vanilla,0.86,0.0851063829787234,99
adaptive,0.74,0.0975609756097561,99
multiple,0.82,0.046511627906976744,99
weighted_multiple,0.8,0.024390243902439025,99
