method,power,fdp,seed
vanilla,0.92,0.1320754716981132,24
adaptive,0.92,0.1320754716981132,24
multiple,0.82,0.046511627906976744,24
weighted_multiple,0.86,0.022727272727272728,24
