method,power,fdp,seed
vanilla,1,0.09090909090909091,55
adaptive,0.96,0.07692307692307693,55
multiple,0.98,0.057692307692307696,55
weighted_multiple,1,0.038461538461538464,55
