method,power,fdp,seed
vanilla,0.86,0.044444444444444446,42
adaptive,0.48,0,42
multiple,0.96,0.04,42
weighted_multiple,0.98,0.0392156862745098,42
