method,power,fdp,seed
vanilla,0.98,0.07547169811320754,7
adaptive,1,0.038461538461538464,7
multiple,1,0.038461538461538464,7
weighted_multiple,1,0.0196078431372549,7
