method,power,fdp,seed
vanilla,0.86,0.044444444444444446,73
adaptive,0.9,0.021739130434782608,73
multiple,0.8,0,73
weighted_multiple,0.84,0,73
