method,power,fdp,seed
vanilla,1,0.05660377358490566,43
multiple,1,0.038461538461538464,43
