method,power,fdp,seed
vanilla,0.96,0.02040816326530612,49
multiple,1,0.038461538461538464,49
