method,power,fdp,seed
vanilla,0.8,0.024390243902439025,83
multiple,1,0.05660377358490566,83
