method,power,fdp,seed
vanilla,0.98,0.0392156862745098,97
multiple,1,0.038461538461538464,97
