method,power,fdp,seed
vanilla,0.84,0.045454545454545456,91
multiple,0.9,0.021739130434782608,91
