method,power,fdp,seed
vanilla,0.94,0.09615384615384616,24
multiple,0.66,0.029411764705882353,24
