method,power,fdp,seed
vanilla,0.88,0.022222222222222223,79
multiple,0.96,0.02040816326530612,79
