method,power,fdp,seed
vanilla,0.96,0.058823529411764705,56
multiple,0.98,0.0392156862745098,56
