method,power,fdp,seed
vanilla,1,0.07407407407407407,26
multiple,1,0.05660377358490566,26
