method,power,fdp,seed
vanilla,1,0.05660377358490566,39
multiple,1,0.038461538461538464,39
