method,power,fdp,seed
vanilla,1,0.09090909090909091,71
multiple,1,0.038461538461538464,71
