method,power,fdp,seed
vanilla,0.9,0.0425531914893617,93
multiple,0.88,0.022222222222222223,93
