method,power,fdp,seed
vanilla,1,0.038461538461538464,25
multiple,1,0.0196078431372549,25
