method,power,fdp,seed
vanilla,0.94,0.020833333333333332,25
multiple,0.9,0.021739130434782608,25
