method,power,fdp,seed
vanilla,0.9,0.0425531914893617,39
multiple,1,0.0196078431372549,39
