method,power,fdp,seed
vanilla,0.84,0.045454545454545456,70
multiple,0.82,0.023809523809523808,70
