method,power,fdp,seed
vanilla,1,0.038461538461538464,97
multiple,1,0.038461538461538464,97
