method,power,fdp,seed
vanilla,1,0.12280701754385964,24
multiple,1,0.07407407407407407,24
