method,power,fdp,seed
vanilla,0.96,0.07692307692307693,18
multiple,1,0.05660377358490566,18
