method,power,fdp,seed
vanilla,0.66,0.029411764705882353,79
multiple,0.82,0.023809523809523808,79
