method,power,fdp,seed
vanilla,1,0.07407407407407407,26
multiple,0.98,0.0392156862745098,26
