method,power,fdp,seed
vanilla,0.98,0.07547169811320754,75
multiple,1,0.0196078431372549,75
