method,power,fdp,seed
vanilla,0.84,0.06666666666666667,95
multiple,1,0.038461538461538464,95
