method,power,fdp,seed
vanilla,0.96,0.02040816326530612,85
multiple,0.9,0.021739130434782608,85
