method,power,fdp,seed
vanilla,0.84,0.045454545454545456,83
multiple,1,0.05660377358490566,83
