method,power,fdp,seed
vanilla,0.98,0.057692307692307696,70
multiple,1,0.038461538461538464,70
