method,power,fdp,seed
vanilla,0.78,0.07142857142857142,86
multiple,0.7,0.027777777777777776,86
