method,power,fdp,seed
vanilla,0.92,0.02127659574468085,27
multiple,1,0.0196078431372549,27
