method,power,fdp,seed
vanilla,0.76,0.02564102564102564,26
multiple,0.84,0.023255813953488372,26
