method,power,fdp,seed
vanilla,0.98,0.057692307692307696,63
multiple,1,0.0196078431372549,63
