method,power,fdp,seed
vanilla,1,0.13793103448275862,24
multiple,0.98,0.07547169811320754,24
