method,power,fdp,seed
vanilla,0.94,0.11320754716981132,99
multiple,0.82,0.046511627906976744,99
