method,power,fdp,seed
vanilla,1,0.10714285714285714,68
multiple,1,0.0196078431372549,68
