method,power,fdp,seed
vanilla,0.98,0.0392156862745098,59
multiple,1,0.0196078431372549,59
