method,power,fdp,seed
vanilla,0.94,0.09615384615384616,3
multiple,0.96,0.02040816326530612,3
