method,power,fdp,seed
vanilla,0.84,0.023255813953488372,63
multiple,0.82,0.023809523809523808,63
