method,power,fdp,seed
vanilla,0.96,0.1111111111111111,74
multiple,0.94,0.0784313725490196,74
