method,power,fdp,seed
vanilla,0.96,0.058823529411764705,43
multiple,0.92,0.02127659574468085,43
