method,power,fdp,seed
vanilla,0.96,0.058823529411764705,43
multiple,1,0.038461538461538464,43
