method,power,fdp,seed
vanilla,0.86,0.0851063829787234,99
multiple,0.76,0.02564102564102564,99
