method,power,fdp,seed
vanilla,0.6,0.03225806451612903,37
multiple,0.7,0.027777777777777776,37
