method,power,fdp,seed
vanilla,0.94,0.0784313725490196,20
multiple,0.88,0.022222222222222223,20
