method,power,fdp,seed
vanilla,0.96,0.058823529411764705,48
multiple,0.88,0.043478260869565216,48
