method,power,fdp,seed
vanilla,0.86,0.10416666666666667,86
multiple,0.86,0.022727272727272728,86
