method,power,fdp,seed
vanilla,0.96,0.02040816326530612,27
multiple,1,0.0196078431372549,27
