method,power,fdp,seed
vanilla,0.98,0.057692307692307696,78
multiple,0.98,0.0392156862745098,78
