method,power,fdp,seed
vanilla,1,0.05660377358490566,89
multiple,1,0.0196078431372549,89
