method,power,fdp,seed
vanilla,0.9,0.0425531914893617,14
multiple,0.82,0.023809523809523808,14
