method,power,fdp,seed
vanilla,1,0.038461538461538464,11
multiple,0.94,0.020833333333333332,11
