method,power,fdp,seed
vanilla,1,0.0196078431372549,53
multiple,1,0.0196078431372549,53
