method,power,fdp,seed
vanilla,1,0.07407407407407407,94
multiple,1,0.0196078431372549,94
