method,power,fdp,seed
vanilla,0.52,0.037037037037037035,83
multiple,0.76,0.02564102564102564,83
