method,power,fdp,seed
vanilla,0.62,0.03125,20
multiple,0.58,0.03333333333333333,20
