method,power,fdp,seed
vanilla,1,0.09090909090909091,3
multiple,0.98,0.0392156862745098,3
