method,power,fdp,seed
vanilla,0.88,0.022222222222222223,76
multiple,0.98,0.0392156862745098,76
