method,power,fdp,seed
vanilla,0.9,0.11764705882352941,19
multiple,0.9,0.021739130434782608,19
