method,power,fdp,seed
vanilla,1,0.038461538461538464,100
multiple,1,0.07407407407407407,100
