method,power,fdp,seed
vanilla,0.98,0.0392156862745098,2
multiple,0.98,0.0392156862745098,2
