method,power,fdp,seed
vanilla,0.84,0.023255813953488372,45
multiple,0.72,0.02702702702702703,45
