method,power,fdp,seed
vanilla,0.88,0.022222222222222223,29
multiple,0.9,0.021739130434782608,29
