method,power,fdp,seed
vanilla,0.92,0.02127659574468085,61
multiple,0.92,0.02127659574468085,61
