method,power,fdp,seed
vanilla,0.86,0.022727272727272728,13
multiple,0.94,0.04081632653061224,13
