method,power,fdp,seed
vanilla,0.94,0.04081632653061224,2
multiple,0.9,0.0425531914893617,2
