method,power,fdp,seed
vanilla,0.82,0.046511627906976744,82
multiple,0.66,0.029411764705882353,82
