method,power,fdp,seed
vanilla,0.94,0.020833333333333332,72
multiple,1,0.038461538461538464,72
