method,power,fdp,seed
vanilla,0.94,0.020833333333333332,53
multiple,0.94,0.020833333333333332,53
