method,power,fdp
vanilla,0.9333333333333333,0.08196721311475409
multiple,0.9333333333333333,0.06666666666666667
