method,power,fdp
vanilla,0.5666666666666667,0.08108108108108109
multiple,0.3,0
