method,power,fdp
vanilla,0.9833333333333333,0.16901408450704225
multiple,0.9166666666666666,0
