method,power,fdp
vanilla,0.9833333333333333,0.16901408450704225
multiple,0.9666666666666667,0.07936507936507936
