method,power,fdp
vanilla,0.8833333333333333,0.14516129032258066
multiple,0.8,0.058823529411764705
