method,power,fdp
vanilla,0.7333333333333333,0.13725490196078433
multiple,0.7166666666666667,0.022727272727272728
