method,power,fdp
vanilla,0.48333333333333334,0.09375
multiple,0.3333333333333333,0.09090909090909091
