method,power,fdp
vanilla,0.5166666666666667,0.18421052631578946
multiple,0.3,0.14285714285714285
