method,power,fdp
vanilla,0.4166666666666667,0.07407407407407407
multiple,0,0
