method,power,fdp
vanilla,0.9166666666666666,0.09836065573770492
multiple,0.8333333333333334,0.038461538461538464
