method,power,fdp
vanilla,0.36666666666666664,0.043478260869565216
multiple,0,0
