method,power,fdp
vanilla,0.95,0.017241379310344827
multiple,0.9333333333333333,0
