method,power,fdp
vanilla,0.5833333333333334,0
multiple,0.6333333333333333,0
