method,power,fdp
vanilla,0.9333333333333333,0.2112676056338028
multiple,0.8166666666666667,0.057692307692307696
