method,power,fdp
vanilla,0.43333333333333335,0.07142857142857142
multiple,0.31666666666666665,0
