method,power,fdp
vanilla,0.9333333333333333,0.13846153846153847
multiple,0.9,0.05263157894736842
