method,power,fdp
vanilla,0.9166666666666666,0.140625
multiple,0.7666666666666667,0.041666666666666664
