method,power,fdp
vanilla,0.8166666666666667,0.07547169811320754
multiple,0.6833333333333333,0.023809523809523808
