method,power,fdp
vanilla,0.9333333333333333,0.034482758620689655
multiple,0.9333333333333333,0.034482758620689655
