method,power,fdp
vanilla,0.8833333333333333,0.07017543859649122
multiple,0.8666666666666667,0.05454545454545454
