method,power,fdp
vanilla,0.26666666666666666,0.058823529411764705
multiple,0,0
