method,power,fdp
vanilla,0.9666666666666667,0.04918032786885246
multiple,0.9666666666666667,0.06451612903225806
