method,power,fdp
vanilla,0.8333333333333334,0.038461538461538464
multiple,0.8166666666666667,0.02
