method,power,fdp
vanilla,0.75,0.1346153846153846
multiple,0.7666666666666667,0.11538461538461539
