method,power,fdp
vanilla,0.85,0.16393442622950818
multiple,0.6833333333333333,0.06818181818181818
