method,power,fdp
vanilla,0.6166666666666667,0.1590909090909091
multiple,0.35,0.045454545454545456
