method,power,fdp
vanilla,0.6666666666666666,0.047619047619047616
multiple,0.6833333333333333,0.046511627906976744
