method,power,fdp
vanilla,0.8,0.1111111111111111
multiple,0.75,0.0425531914893617
