method,power,fdp
vanilla,0.5833333333333334,0.05405405405405406
multiple,0.43333333333333335,0.037037037037037035
