method,power,fdp
vanilla,0.4666666666666667,0.0967741935483871
multiple,0.2833333333333333,0
