method,power,fdp
vanilla,0.95,0.08064516129032258
multiple,0.9666666666666667,0.07936507936507936
