method,power,fdp
vanilla,0.8166666666666667,0.09259259259259259
multiple,0.7333333333333333,0.043478260869565216
