method,power,fdp
vanilla,0.16666666666666666,0.2857142857142857
multiple,0,0
