method,power,fdp
vanilla,0.6666666666666666,0.21568627450980393
multiple,0,0
