method,power,fdp
vanilla,0.9666666666666667,0.07936507936507936
multiple,0.9666666666666667,0.06451612903225806
