method,power,fdp
vanilla,0.85,0.07272727272727272
multiple,0.7333333333333333,0.022222222222222223
