method,power,fdp
vanilla,0.9833333333333333,0.11940298507462686
multiple,0.9333333333333333,0.034482758620689655
