method,power,fdp
vanilla,0.4666666666666667,0.17647058823529413
multiple,0.31666666666666665,0.09523809523809523
