method,power,fdp
vanilla,0.9,0.12903225806451613
multiple,0.85,0.019230769230769232
