method,power,fdp
vanilla,0.9833333333333333,0.06349206349206349
multiple,0.9333333333333333,0.017543859649122806
