method,power,fdp
vanilla,0.9333333333333333,0.125
multiple,0.8666666666666667,0.05454545454545454
