method,power,fdp
vanilla,0,0
multiple,0.3333333333333333,0.047619047619047616
