method,power,fdp
vanilla,0.8166666666666667,0.057692307692307696
multiple,0.6,0.02702702702702703
