method,power,fdp
vanilla,0.95,0.09523809523809523
multiple,0.9333333333333333,0.08196721311475409
