method,power,fdp
vanilla,0.4166666666666667,0.038461538461538464
multiple,0,0
