method,power,fdp
vanilla,0.7833333333333333,0.09615384615384616
multiple,0.7666666666666667,0.061224489795918366
