method,power,fdp
vanilla,0.31666666666666665,0
multiple,0.31666666666666665,0
