method,power,fdp
vanilla,0.7833333333333333,0.020833333333333332
multiple,0.8,0.02040816326530612
