method,power,fdp
vanilla,0.5833333333333334,0.05405405405405406
multiple,0.3333333333333333,0.047619047619047616
