method,power,fdp
vanilla,0.9833333333333333,0.10606060606060606
multiple,0.9833333333333333,0.04838709677419355
