method,power,fdp
vanilla,0.7666666666666667,0.061224489795918366
multiple,0.7333333333333333,0.043478260869565216
