method,power,fdp
vanilla,0.8333333333333334,0.16666666666666666
multiple,0.8,0.09433962264150944
