method,power,fdp
vanilla,0.9166666666666666,0.08333333333333333
multiple,0.95,0.03389830508474576
