method,power,fdp
vanilla,0.13333333333333333,0.3333333333333333
multiple,0,0
