method,power,fdp
vanilla,0.13333333333333333,0.38461538461538464
multiple,0,0
