method,power,fdp
vanilla,0.7166666666666667,0.022727272727272728
multiple,0.5666666666666667,0
