method,power,fdp
vanilla,0.7333333333333333,0.06382978723404255
multiple,0.6666666666666666,0.047619047619047616
