method,power,fdp
vanilla,0.7833333333333333,0.06
multiple,0.6833333333333333,0.023809523809523808
