method,power,fdp
vanilla,0.31666666666666665,0.13636363636363635
multiple,0.3,0.1
