method,power,fdp
vanilla,0.55,0.21428571428571427
multiple,0.36666666666666664,0
