method,power,fdp
vanilla,0.8666666666666667,0.037037037037037035
multiple,0.8,0.02040816326530612
