method,power,fdp
vanilla,0.31666666666666665,0.05
multiple,0.3,0.05263157894736842
