method,power,fdp
vanilla,0.9833333333333333,0.09230769230769231
multiple,0.9666666666666667,0.04918032786885246
