method,power,fdp
vanilla,0.48333333333333334,0.14705882352941177
multiple,0.3,0.05263157894736842
