method,power,fdp
vanilla,0.6166666666666667,0.11904761904761904
multiple,0.3333333333333333,0.047619047619047616
