method,power,fdp
vanilla,0.9166666666666666,0.03508771929824561
multiple,0.8166666666666667,0.0392156862745098
