method,power,fdp
vanilla,0.75,0.1
multiple,0.7333333333333333,0.043478260869565216
