method,power,fdp
vanilla,0.9166666666666666,0.06779661016949153
multiple,0.8333333333333334,0.038461538461538464
