method,power,fdp
vanilla,0.48333333333333334,0.03333333333333333
multiple,0.35,0.045454545454545456
