method,power,fdp
vanilla,0.8666666666666667,0.05454545454545454
multiple,0.9166666666666666,0.03508771929824561
