method,power,fdp
vanilla,0.8666666666666667,0.13333333333333333
multiple,0.75,0.021739130434782608
