method,power,fdp
vanilla,0.38333333333333336,0
multiple,0.3333333333333333,0
