method,power,fdp
vanilla,0.9,0.05263157894736842
multiple,0.8833333333333333,0.05357142857142857
