method,power,fdp
vanilla,0.4,0.1111111111111111
multiple,0.35,0.045454545454545456
