method,power,fdp
vanilla,0.36666666666666664,0
multiple,0.36666666666666664,0
