method,power,fdp
vanilla,0.9,0.05263157894736842
multiple,0.9,0.01818181818181818
