method,power,fdp
vanilla,0.38333333333333336,0.041666666666666664
multiple,0.4666666666666667,0.034482758620689655
