method,power,fdp
vanilla,1,0.14285714285714285
multiple,0.9833333333333333,0.11940298507462686
