method,power,fdp
vanilla,0.8166666666666667,0.15517241379310345
multiple,0.6666666666666666,0.06976744186046512
