method,power,fdp
vanilla,0.95,0.16176470588235295
multiple,0.8833333333333333,0.018518518518518517
