method,power,fdp
vanilla,0.8166666666666667,0.07547169811320754
multiple,0.7166666666666667,0
