method,power,fdp
vanilla,0.95,0.109375
multiple,0.95,0.03389830508474576
