method,power,fdp
vanilla,0.85,0.1206896551724138
multiple,0.8333333333333334,0.05660377358490566
