method,power,fdp
vanilla,0.36666666666666664,0.18518518518518517
multiple,0.36666666666666664,0.08333333333333333
