method,power,fdp
vanilla,0.7666666666666667,0.02127659574468085
multiple,0.7,0.023255813953488372
