method,power,fdp
vanilla,0.55,0.23255813953488372
multiple,0.3,0.05263157894736842
