method,power,fdp
vanilla,0.9833333333333333,0.06349206349206349
multiple,1,0.03225806451612903
