method,power,fdp
vanilla,0.8166666666666667,0.09259259259259259
multiple,0.8,0.02040816326530612
