method,power,fdp
vanilla,0.95,0.13636363636363635
multiple,0.9,0.01818181818181818
