method,power,fdp
vanilla,0.9,0.14285714285714285
multiple,0.7666666666666667,0.041666666666666664
