method,power,fdp
vanilla,0.95,0.109375
multiple,0.9833333333333333,0.078125
