method,power,fdp
vanilla,0.4,0.07692307692307693
multiple,0.4666666666666667,0.06666666666666667
