method,power,fdp
vanilla,0.7,0.125
multiple,0.36666666666666664,0.08333333333333333
