method,power,fdp
vanilla,0.6833333333333333,0.06818181818181818
multiple,0.7,0.045454545454545456
