method,power,fdp
vanilla,0.7833333333333333,0.0784313725490196
multiple,0.7333333333333333,0.043478260869565216
