method,power,fdp
vanilla,0.3333333333333333,0.047619047619047616
multiple,0.3,0.05263157894736842
