method,power,fdp
vanilla,0.9166666666666666,0.2361111111111111
multiple,0.7333333333333333,0.08333333333333333
