method,power,fdp
vanilla,1,0.11764705882352941
multiple,0.9833333333333333,0.06349206349206349
