method,power,fdp
vanilla,0.8166666666666667,0.10909090909090909
multiple,0.7,0.023255813953488372
