method,power,fdp
vanilla,0.9666666666666667,0.07936507936507936
multiple,0.9666666666666667,0.03333333333333333
