method,power,fdp
vanilla,0.9666666666666667,0.13432835820895522
multiple,0.9833333333333333,0.04838709677419355
