method,power,fdp,v
mkn,0.8375,0,0
pkn,0,0,0
pkn,0,0,0.25
pkn,0.275,0,0.5
pkn,0.7125,0,0.75
pkn,0.7125,0,1
pkn,0.7375,0,1.25
pkn,0.7375,0,1.5
pkn,0.7625,0,1.75
pkn,0.8,0,2
pkn,0.8,0,2.25
pkn,0.8,0,2.5
pkn,0.8,0,2.75
pkn,0.825,0,3
pkn,0.825,0,3.25
pkn,0.85,0.014492753623188406,3.5
pkn,0.85,0.014492753623188406,3.75
pkn,0.8625,0.014285714285714285,4
pkn,0.8625,0.014285714285714285,4.25
pkn,0.8625,0.014285714285714285,4.5
pkn,0.8625,0.014285714285714285,4.75
pkn,0.8625,0.028169014084507043,5
