method,power,fdp,v
mkn,0.7125,0,0
pkn,0,0,0
pkn,0,0,0.25
pkn,0,0,0.5
pkn,0.525,0,0.75
pkn,0.6,0,1
pkn,0.6375,0,1.25
pkn,0.6375,0,1.5
pkn,0.6625,0,1.75
pkn,0.6875,0,2
pkn,0.6875,0,2.25
pkn,0.7125,0,2.5
pkn,0.7125,0,2.75
pkn,0.725,0,3
pkn,0.725,0,3.25
pkn,0.725,0,3.5
pkn,0.725,0,3.75
pkn,0.75,0,4
pkn,0.775,0,4.25
pkn,0.775,0.015873015873015872,4.5
pkn,0.7875,0.015625,4.75
pkn,0.7875,0.015625,5
