method,power,fdp,seed
vanilla,0.96,0.04,161
multiple,1,0.0196078431372549,161
vanilla,0.98,0.07547169811320754,162
multiple,1,0.038461538461538464,162
vanilla,0.98,0.07547169811320754,163
multiple,1,0,163
vanilla,0.98,0.02,164
multiple,1,0,164
vanilla,0.98,0.07547169811320754,165
multiple,1,0.0196078431372549,165
