method,power,fdp,seed
vanilla,0.92,0.14814814814814814,241
multiple,0.9,0.08163265306122448,241
vanilla,1,0.09090909090909091,242
multiple,0.98,0.02,242
vanilla,0.98,0.234375,243
multiple,1,0.0196078431372549,243
vanilla,0.84,0.023255813953488372,244
multiple,0.98,0.0392156862745098,244
vanilla,0.94,0.12962962962962962,245
multiple,1,0,245
