method,power,fdp,seed
vanilla,0.96,0.09433962264150944,481
multiple,1,0.038461538461538464,481
vanilla,0.8,0,482
multiple,0.94,0,482
vanilla,0.88,0.022222222222222223,483
multiple,1,0.0196078431372549,483
vanilla,0.94,0.0784313725490196,484
multiple,0.92,0.02127659574468085,484
vanilla,0.96,0.1111111111111111,485
multiple,0.96,0.02040816326530612,485
