method,power,fdp,seed
vanilla,0.98,0.14035087719298245,481
multiple,1,0.05660377358490566,481
vanilla,0.98,0.02,482
multiple,1,0,482
vanilla,1,0.05660377358490566,483
multiple,1,0.0196078431372549,483
vanilla,1,0.038461538461538464,484
multiple,1,0.0196078431372549,484
vanilla,1,0.13793103448275862,485
multiple,1,0.0196078431372549,485
