method,power,fdp,seed
vanilla,0.92,0.09803921568627451,431
multiple,1,0.0196078431372549,431
vanilla,0.96,0.21311475409836064,432
multiple,1,0,432
vanilla,0.98,0.125,433
multiple,0.98,0,433
vanilla,0.96,0.07692307692307693,434
multiple,0.98,0,434
vanilla,0.82,0,435
multiple,0.98,0.02,435
