method,power,fdp,seed
vanilla,0.96,0.09433962264150944,346
multiple,0.98,0,346
vanilla,0.92,0,347
multiple,0.94,0.020833333333333332,347
vanilla,0.96,0.058823529411764705,348
multiple,0.98,0.0392156862745098,348
vanilla,0.92,0.14814814814814814,349
multiple,0.96,0.04,349
vanilla,1,0.038461538461538464,350
multiple,1,0,350
