method,power,fdp,seed
vanilla,0.92,0.11538461538461539,376
multiple,0.98,0,376
vanilla,0.94,0.09615384615384616,377
multiple,0.92,0.041666666666666664,377
vanilla,0.94,0.06,378
multiple,1,0,378
vanilla,0.98,0.14035087719298245,379
multiple,0.98,0,379
vanilla,0.96,0.04,380
multiple,1,0.0196078431372549,380
