method,power,fdp,seed
vanilla,0.98,0.02,116
multiple,1,0.038461538461538464,116
vanilla,0.94,0.12962962962962962,117
multiple,0.98,0.0392156862745098,117
vanilla,1,0.1935483870967742,118
multiple,1,0.038461538461538464,118
vanilla,0.98,0.07547169811320754,119
multiple,1,0.038461538461538464,119
vanilla,0.92,0.11538461538461539,120
multiple,0.98,0.02,120
