method,power,fdp,seed
vanilla,1,0.16666666666666666,186
multiple,0.98,0,186
vanilla,1,0.038461538461538464,187
multiple,1,0.0196078431372549,187
vanilla,1,0.05660377358490566,188
multiple,1,0,188
vanilla,1,0.038461538461538464,189
multiple,1,0,189
vanilla,1,0.1935483870967742,190
multiple,1,0.0196078431372549,190
