method,power,fdp,seed
vanilla,0.8,0.024390243902439025,51
multiple,0.94,0.020833333333333332,51
vanilla,0.9,0.16666666666666666,52
multiple,0.68,0,52
vanilla,0.86,0.25862068965517243,53
multiple,0.72,0.02702702702702703,53
vanilla,0.62,0,54
multiple,0.82,0,54
vanilla,0.86,0.044444444444444446,55
multiple,0.78,0,55
