method,power,fdp,seed
vanilla,1,0.07407407407407407,146
multiple,1,0.0196078431372549,146
vanilla,0.92,0.02127659574468085,147
multiple,1,0.0196078431372549,147
vanilla,1,0.10714285714285714,148
multiple,0.98,0.02,148
vanilla,0.96,0.07692307692307693,149
multiple,0.96,0,149
vanilla,0.98,0.15517241379310345,150
multiple,0.96,0.04,150
