method,power,fdp,seed
vanilla,0.92,0.11538461538461539,141
multiple,1,0.05660377358490566,141
vanilla,0.94,0.06,142
multiple,1,0.038461538461538464,142
vanilla,0.98,0.234375,143
multiple,0.98,0.057692307692307696,143
vanilla,0.98,0.02,144
multiple,1,0,144
vanilla,0.94,0.020833333333333332,145
multiple,0.98,0.02,145
