method,power,fdp,seed
vanilla,1,0.10714285714285714,481
multiple,1,0.07407407407407407,481
vanilla,0.86,0,482
multiple,0.98,0,482
vanilla,0.94,0.04081632653061224,483
multiple,1,0.0196078431372549,483
vanilla,0.98,0.07547169811320754,484
multiple,0.98,0.02,484
vanilla,1,0.10714285714285714,485
multiple,0.98,0.02,485
