method,power,fdp,seed
vanilla,0.98,0.0392156862745098,311
multiple,0.94,0,311
vanilla,0.98,0.0392156862745098,312
multiple,1,0,312
vanilla,0.96,0.07692307692307693,313
multiple,1,0.0196078431372549,313
vanilla,0.96,0.04,314
multiple,1,0.0196078431372549,314
vanilla,0.92,0.02127659574468085,315
multiple,1,0.05660377358490566,315
