method,power,fdp,seed
vanilla,0.98,0.19672131147540983,196
multiple,1,0.0196078431372549,196
vanilla,0.88,0.043478260869565216,197
multiple,0.94,0,197
vanilla,0.98,0.14035087719298245,198
multiple,0.98,0.02,198
vanilla,1,0.15254237288135594,199
multiple,1,0.0196078431372549,199
vanilla,0.96,0.09433962264150944,200
multiple,0.98,0,200
