method,power,fdp,seed
vanilla,0.86,0.14,481
multiple,0.98,0.09259259259259259,481
vanilla,0.86,0,482
multiple,0.78,0,482
vanilla,0.74,0,483
multiple,0.84,0.023255813953488372,483
vanilla,0.84,0.06666666666666667,484
multiple,0.84,0.023255813953488372,484
vanilla,0.96,0.07692307692307693,485
multiple,0.88,0,485
