method,power,fdp,seed
vanilla,0.96,0.1111111111111111,411
multiple,0.98,0.07547169811320754,411
vanilla,1,0.10714285714285714,412
multiple,1,0.0196078431372549,412
vanilla,0.9,0.021739130434782608,413
multiple,0.92,0.02127659574468085,413
vanilla,1,0.07407407407407407,414
multiple,0.98,0.0392156862745098,414
vanilla,0.96,0.058823529411764705,415
multiple,0.96,0.058823529411764705,415
