method,power,fdp,seed
vanilla,0.9,0.0625,406
multiple,0.98,0.0392156862745098,406
vanilla,1,0.038461538461538464,407
multiple,1,0,407
vanilla,1,0.05660377358490566,408
multiple,1,0.0196078431372549,408
vanilla,0.98,0.02,409
multiple,1,0.0196078431372549,409
vanilla,0.96,0.04,410
multiple,0.96,0,410
