method,power,fdp,seed
vanilla,0.96,0.1724137931034483,411
multiple,0.98,0.07547169811320754,411
vanilla,0.98,0.0392156862745098,412
multiple,1,0.0196078431372549,412
vanilla,0.88,0.022222222222222223,413
multiple,0.9,0.021739130434782608,413
vanilla,0.94,0.04081632653061224,414
multiple,0.98,0.02,414
vanilla,0.88,0.08333333333333333,415
multiple,0.92,0.041666666666666664,415
