method,power,fdp,seed
vanilla,0.94,0,211
multiple,1,0,211
vanilla,0.96,0.15789473684210525,212
multiple,1,0.038461538461538464,212
vanilla,0.94,0.06,213
multiple,0.98,0,213
vanilla,0.98,0.14035087719298245,214
multiple,1,0.038461538461538464,214
vanilla,0.98,0.07547169811320754,215
multiple,0.98,0.0392156862745098,215
