method,power,fdp,seed
vanilla,1,0.21875,336
multiple,1,0.038461538461538464,336
vanilla,1,0.07407407407407407,337
multiple,1,0,337
vanilla,0.96,0.1111111111111111,338
multiple,0.98,0.0392156862745098,338
vanilla,0.98,0.2222222222222222,339
multiple,1,0.10714285714285714,339
vanilla,1,0.07407407407407407,340
multiple,1,0.0196078431372549,340
