method,power,fdp,seed
vanilla,0.94,0.04081632653061224,271
multiple,0.96,0.04,271
vanilla,0.96,0.04,272
multiple,1,0.038461538461538464,272
vanilla,1,0.07407407407407407,273
multiple,1,0.0196078431372549,273
vanilla,0.98,0.057692307692307696,274
multiple,1,0.0196078431372549,274
vanilla,0.98,0.07547169811320754,275
multiple,1,0.038461538461538464,275
