method,power,fdp,seed
vanilla,0.96,0.09433962264150944,136
multiple,1,0.0196078431372549,136
vanilla,0.98,0.057692307692307696,137
multiple,1,0.0196078431372549,137
vanilla,0.94,0.020833333333333332,138
multiple,1,0,138
vanilla,0.96,0.02040816326530612,139
multiple,1,0.0196078431372549,139
vanilla,0.98,0.057692307692307696,140
multiple,1,0.0196078431372549,140
