method,power,fdp,seed
vanilla,0.92,0,366
multiple,1,0.0196078431372549,366
vanilla,0.96,0.058823529411764705,367
multiple,1,0.05660377358490566,367
vanilla,0.98,0.09259259259259259,368
multiple,1,0.0196078431372549,368
vanilla,1,0.20634920634920634,369
multiple,1,0.0196078431372549,369
vanilla,1,0.12280701754385964,370
multiple,0.96,0,370
