method,power,fdp,seed
vanilla,0.98,0.09259259259259259,36
multiple,1,0.038461538461538464,36
vanilla,0.96,0.12727272727272726,37
multiple,0.98,0.09259259259259259,37
vanilla,0.96,0.12727272727272726,38
multiple,1,0.0196078431372549,38
vanilla,1,0.05660377358490566,39
multiple,1,0.0196078431372549,39
vanilla,0.94,0.14545454545454545,40
multiple,0.98,0.0392156862745098,40
