method,power,fdp,seed
vanilla,0.96,0.058823529411764705,41
multiple,0.98,0,41
vanilla,0.92,0.11538461538461539,42
multiple,0.96,0.02040816326530612,42
vanilla,0.92,0.041666666666666664,43
multiple,1,0.038461538461538464,43
vanilla,0.96,0.02040816326530612,44
multiple,0.96,0,44
vanilla,0.94,0.09615384615384616,45
multiple,0.96,0.04,45
