method,power,fdp,seed
vanilla,0.92,0.14814814814814814,241
multiple,0.84,0.023255813953488372,241
vanilla,0.96,0.09433962264150944,242
multiple,0.86,0,242
vanilla,0.88,0.21428571428571427,243
multiple,0.96,0.02040816326530612,243
vanilla,0.82,0.023809523809523808,244
multiple,0.96,0.04,244
vanilla,0.88,0.043478260869565216,245
multiple,1,0,245
