method,power,fdp,seed
vanilla,0.98,0.09259259259259259,486
multiple,0.98,0.0392156862745098,486
vanilla,0.92,0.041666666666666664,487
multiple,0.94,0.020833333333333332,487
vanilla,0.9,0.021739130434782608,488
multiple,0.98,0,488
vanilla,0.88,0.022222222222222223,489
multiple,0.9,0,489
vanilla,0.9,0.08163265306122448,490
multiple,0.94,0.0784313725490196,490
