method,power,fdp,seed
vanilla,1,0.1935483870967742,196
multiple,1,0.0196078431372549,196
vanilla,1,0.07407407407407407,197
multiple,0.98,0,197
vanilla,0.98,0.0392156862745098,198
multiple,1,0.0196078431372549,198
vanilla,1,0.20634920634920634,199
multiple,1,0.038461538461538464,199
vanilla,1,0.10714285714285714,200
multiple,0.98,0.02,200
