method,power,fdp,seed
vanilla,0.96,0.058823529411764705,346
multiple,0.98,0,346
vanilla,0.92,0.17857142857142858,347
multiple,0.96,0.04,347
vanilla,0.98,0.09259259259259259,348
multiple,1,0.038461538461538464,348
vanilla,0.96,0.07692307692307693,349
multiple,0.96,0.058823529411764705,349
vanilla,0.96,0.058823529411764705,350
multiple,1,0,350
