method,power,fdp,seed
vanilla,0.98,0.10909090909090909,221
multiple,1,0.0196078431372549,221
vanilla,0.96,0.12727272727272726,222
multiple,0.98,0.02,222
vanilla,0.94,0.06,223
multiple,1,0.0196078431372549,223
vanilla,0.98,0.125,224
multiple,1,0.0196078431372549,224
vanilla,1,0.07407407407407407,225
multiple,1,0,225
