method,power,fdp,seed
vanilla,0.96,0.12727272727272726,6
multiple,0.98,0.057692307692307696,6
vanilla,1,0.05660377358490566,7
multiple,1,0.0196078431372549,7
vanilla,1,0.07407407407407407,8
multiple,1,0.0196078431372549,8
vanilla,0.98,0.07547169811320754,9
multiple,1,0.038461538461538464,9
vanilla,0.98,0,10
multiple,1,0.0196078431372549,10
