method,power,fdp,seed
vanilla,0.98,0.2222222222222222,366
multiple,1,0.0196078431372549,366
vanilla,1,0.05660377358490566,367
multiple,1,0.05660377358490566,367
vanilla,1,0.10714285714285714,368
multiple,1,0.0196078431372549,368
vanilla,0.96,0.07692307692307693,369
multiple,1,0.0196078431372549,369
vanilla,0.98,0.14035087719298245,370
multiple,0.98,0,370
