method,power,fdp,seed
vanilla,1,0.07407407407407407,196
multiple,1,0.0196078431372549,196
vanilla,0.88,0.022222222222222223,197
multiple,0.96,0,197
vanilla,0.9,0.021739130434782608,198
multiple,0.98,0.02,198
vanilla,1,0.21875,199
multiple,1,0.0196078431372549,199
vanilla,0.96,0.1111111111111111,200
multiple,0.98,0,200
