method,power,fdp,seed
vanilla,0.82,0.023809523809523808,71
multiple,0.92,0,71
vanilla,0.86,0.17307692307692307,72
multiple,0.76,0.05,72
vanilla,0.84,0,73
multiple,0.74,0,73
vanilla,0.88,0.10204081632653061,74
multiple,0.84,0.023255813953488372,74
vanilla,0.96,0.07692307692307693,75
multiple,0.64,0,75
