method,power,fdp,seed
vanilla,0.76,0.13636363636363635,241
multiple,0.76,0.05,241
vanilla,0.9,0.1,242
multiple,0.76,0.02564102564102564,242
vanilla,0.88,0.043478260869565216,243
multiple,0.96,0.02040816326530612,243
vanilla,0.4,0,244
multiple,0.84,0.045454545454545456,244
vanilla,0.9,0.16666666666666666,245
multiple,0.84,0,245
