method,power,fdp,seed
vanilla,0.98,0.14035087719298245,441
multiple,0.98,0.0392156862745098,441
vanilla,1,0.038461538461538464,442
multiple,1,0.0196078431372549,442
vanilla,0.98,0.07547169811320754,443
multiple,1,0.0196078431372549,443
vanilla,0.98,0.09259259259259259,444
multiple,1,0.0196078431372549,444
vanilla,0.94,0.020833333333333332,445
multiple,1,0.0196078431372549,445
