method,power,fdp,seed
vanilla,0.96,0.12727272727272726,466
multiple,0.94,0,466
vanilla,1,0.038461538461538464,467
multiple,0.96,0.02040816326530612,467
vanilla,0.98,0.09259259259259259,468
multiple,0.98,0,468
vanilla,0.94,0.0784313725490196,469
multiple,0.98,0.057692307692307696,469
vanilla,0.94,0.09615384615384616,470
multiple,1,0,470
