method,power,fdp,seed
vanilla,1,0.09090909090909091,311
multiple,1,0,311
vanilla,1,0.13793103448275862,312
multiple,1,0,312
vanilla,1,0.07407407407407407,313
multiple,1,0.0196078431372549,313
vanilla,0.96,0.07692307692307693,314
multiple,1,0.0196078431372549,314
vanilla,0.96,0.1111111111111111,315
multiple,1,0.07407407407407407,315
