method,power,fdp,seed
vanilla,0.96,0.058823529411764705,406
multiple,0.98,0.02,406
vanilla,1,0,407
multiple,1,0,407
vanilla,1,0.05660377358490566,408
multiple,1,0.038461538461538464,408
vanilla,1,0.07407407407407407,409
multiple,1,0.0196078431372549,409
vanilla,0.98,0.14035087719298245,410
multiple,0.98,0.057692307692307696,410
