method,power,fdp,seed
vanilla,0.92,0.16363636363636364,421
multiple,1,0.038461538461538464,421
vanilla,1,0.09090909090909091,422
multiple,1,0.038461538461538464,422
vanilla,0.9,0.0625,423
multiple,0.96,0.058823529411764705,423
vanilla,0.94,0.11320754716981132,424
multiple,0.96,0.058823529411764705,424
vanilla,0.92,0.08,425
multiple,1,0.05660377358490566,425
