method,power,fdp,seed
vanilla,0.98,0.10909090909090909,386
multiple,1,0.038461538461538464,386
vanilla,0.92,0.02127659574468085,387
multiple,1,0.038461538461538464,387
vanilla,0.88,0,388
multiple,1,0.038461538461538464,388
vanilla,1,0.09090909090909091,389
multiple,1,0.0196078431372549,389
vanilla,1,0.07407407407407407,390
multiple,1,0.0196078431372549,390
