method,power,fdp,seed
vanilla,0.96,0.14285714285714285,376
multiple,1,0.0196078431372549,376
vanilla,0.98,0.15517241379310345,377
multiple,0.94,0.04081632653061224,377
vanilla,0.98,0.02,378
multiple,1,0.0196078431372549,378
vanilla,1,0.1935483870967742,379
multiple,1,0,379
vanilla,0.98,0.057692307692307696,380
multiple,1,0.0196078431372549,380
