method,power,fdp,seed
vanilla,1,0.05660377358490566,261
multiple,1,0,261
vanilla,1,0.20634920634920634,262
multiple,1,0.0196078431372549,262
vanilla,1,0.07407407407407407,263
multiple,1,0,263
vanilla,1,0.07407407407407407,264
multiple,1,0.038461538461538464,264
vanilla,1,0.05660377358490566,265
multiple,1,0,265
