method,power,fdp,seed
vanilla,1,0.0196078431372549,51
multiple,0.98,0.02,51
vanilla,0.98,0.234375,52
multiple,1,0.0196078431372549,52
vanilla,1,0.23076923076923078,53
multiple,0.98,0.0392156862745098,53
vanilla,0.82,0,54
multiple,0.98,0,54
vanilla,0.96,0,55
multiple,0.98,0,55
