method,power,fdp,seed
vanilla,0.94,0.11320754716981132,421
multiple,0.96,0.02040816326530612,421
vanilla,0.98,0.10909090909090909,422
multiple,1,0.0196078431372549,422
vanilla,0.88,0.022222222222222223,423
multiple,0.92,0.02127659574468085,423
vanilla,0.96,0.12727272727272726,424
multiple,0.96,0.07692307692307693,424
vanilla,0.6,0.03225806451612903,425
multiple,0.98,0.02,425
