method,power,fdp,seed
vanilla,0.98,0.10909090909090909,416
multiple,1,0,416
vanilla,0.86,0,417
multiple,0.98,0.0392156862745098,417
vanilla,0.96,0.09433962264150944,418
multiple,0.96,0.058823529411764705,418
vanilla,0.96,0.04,419
multiple,1,0.0196078431372549,419
vanilla,0.94,0.09615384615384616,420
multiple,0.92,0,420
