method,power,fdp,seed
vanilla,0.94,0.06,346
multiple,0.98,0,346
vanilla,0.94,0.12962962962962962,347
multiple,0.96,0.058823529411764705,347
vanilla,0.98,0.14035087719298245,348
multiple,0.98,0.07547169811320754,348
vanilla,0.96,0.14285714285714285,349
multiple,0.96,0.02040816326530612,349
vanilla,0.94,0,350
multiple,1,0.038461538461538464,350
