method,power,fdp,seed
vanilla,0.98,0.02,251
multiple,1,0,251
vanilla,0.96,0.1111111111111111,252
multiple,0.96,0,252
vanilla,0.8,0.024390243902439025,253
multiple,0.98,0.07547169811320754,253
vanilla,1,0.1935483870967742,254
multiple,1,0,254
vanilla,0.94,0.11320754716981132,255
multiple,0.98,0.057692307692307696,255
