method,power,fdp,seed
vanilla,0.82,0.023809523809523808,431
multiple,0.9,0.021739130434782608,431
vanilla,0.92,0.17857142857142858,432
multiple,0.88,0,432
vanilla,0.92,0.041666666666666664,433
multiple,0.92,0,433
vanilla,0.96,0.07692307692307693,434
multiple,0.98,0,434
vanilla,0.58,0,435
multiple,0.84,0.023255813953488372,435
