method,power,fdp,seed
vanilla,0.96,0.1111111111111111,66
multiple,0.92,0.061224489795918366,66
vanilla,1,0.05660377358490566,67
multiple,0.98,0,67
vanilla,0.98,0.07547169811320754,68
multiple,1,0.038461538461538464,68
vanilla,0.88,0.08333333333333333,69
multiple,0.9,0,69
vanilla,0.98,0.125,70
multiple,1,0.0196078431372549,70
