method,power,fdp,seed
vanilla,0.9,0.1346153846153846,156
multiple,0.96,0.07692307692307693,156
vanilla,0.92,0.11538461538461539,157
multiple,0.92,0.041666666666666664,157
vanilla,0.92,0.1320754716981132,158
multiple,0.84,0.023255813953488372,158
vanilla,0.84,0.023255813953488372,159
multiple,0.72,0,159
vanilla,0.58,0.06451612903225806,160
multiple,0.84,0.023255813953488372,160
