method,power,fdp,seed
vanilla,0.94,0.14545454545454545,86
multiple,0.96,0.04,86
vanilla,0.96,0.07692307692307693,87
multiple,0.98,0,87
vanilla,0.98,0.07547169811320754,88
multiple,0.98,0.02,88
vanilla,1,0.13793103448275862,89
multiple,0.96,0.02040816326530612,89
vanilla,1,0.13793103448275862,90
multiple,1,0.038461538461538464,90
