method,power,fdp,seed
vanilla,1,0.09090909090909091,106
multiple,1,0.038461538461538464,106
vanilla,0.98,0.02,107
multiple,1,0,107
vanilla,0.98,0.0392156862745098,108
multiple,1,0.0196078431372549,108
vanilla,1,0.05660377358490566,109
multiple,1,0.038461538461538464,109
vanilla,1,0.18032786885245902,110
multiple,1,0.038461538461538464,110
