method,power,fdp,seed
vanilla,0.86,0.06521739130434782,161
multiple,0.9,0.021739130434782608,161
vanilla,0.94,0.14545454545454545,162
multiple,0.96,0.04,162
vanilla,0.88,0.06382978723404255,163
multiple,0.84,0,163
vanilla,0.82,0.023809523809523808,164
multiple,0.84,0,164
vanilla,0.96,0.15789473684210525,165
multiple,0.86,0.022727272727272728,165
