method,power,fdp,seed
vanilla,0.98,0.07547169811320754,196
multiple,1,0.0196078431372549,196
vanilla,0.84,0.023255813953488372,197
multiple,0.96,0,197
vanilla,0.9,0.021739130434782608,198
multiple,0.96,0.02040816326530612,198
vanilla,0.98,0.2222222222222222,199
multiple,1,0.0196078431372549,199
vanilla,0.96,0.1111111111111111,200
multiple,0.96,0,200
