method,power,fdp,seed
vanilla,0.94,0.04081632653061224,401
multiple,1,0.0196078431372549,401
vanilla,0.96,0.12727272727272726,402
multiple,1,0.09090909090909091,402
vanilla,0.98,0.14035087719298245,403
multiple,1,0.05660377358490566,403
vanilla,0.98,0.02,404
multiple,1,0,404
vanilla,0.98,0.0392156862745098,405
multiple,1,0.0196078431372549,405
