method,power,fdp,seed
vanilla,0.88,0,1
multiple,0.96,0,1
vanilla,1,0.07407407407407407,2
multiple,1,0.038461538461538464,2
vanilla,0.82,0.023809523809523808,3
multiple,0.94,0.020833333333333332,3
vanilla,1,0.038461538461538464,4
multiple,0.98,0.0392156862745098,4
vanilla,0.98,0.09259259259259259,5
multiple,1,0.038461538461538464,5
