method,power,fdp,seed
vanilla,0.98,0.18333333333333332,411
multiple,0.98,0.057692307692307696,411
vanilla,0.98,0.0392156862745098,412
multiple,1,0.0196078431372549,412
vanilla,0.94,0.06,413
multiple,0.94,0.020833333333333332,413
vanilla,0.96,0.04,414
multiple,1,0.0196078431372549,414
vanilla,0.94,0.0784313725490196,415
multiple,1,0.038461538461538464,415
