method,power,fdp,seed
vanilla,1,0.07407407407407407,216
multiple,1,0.038461538461538464,216
vanilla,0.98,0.19672131147540983,217
multiple,1,0.038461538461538464,217
vanilla,0.98,0.09259259259259259,218
multiple,1,0.0196078431372549,218
vanilla,0.98,0.10909090909090909,219
multiple,0.96,0.02040816326530612,219
vanilla,0.98,0.02,220
multiple,1,0,220
