method,power,fdp,seed
vanilla,1,0.07407407407407407,181
multiple,1,0.0196078431372549,181
vanilla,0.94,0.06,182
multiple,0.96,0.04,182
vanilla,0.98,0.125,183
multiple,1,0.05660377358490566,183
vanilla,0.94,0.06,184
multiple,1,0,184
vanilla,0.98,0.057692307692307696,185
multiple,1,0.038461538461538464,185
