method,power,fdp,seed
vanilla,0.88,0,401
multiple,1,0.0196078431372549,401
vanilla,0.96,0.1724137931034483,402
multiple,0.98,0.07547169811320754,402
vanilla,1,0.13793103448275862,403
multiple,1,0.05660377358490566,403
vanilla,0.98,0.02,404
multiple,1,0,404
vanilla,0.92,0.041666666666666664,405
multiple,0.98,0,405
