method,power,fdp,seed
vanilla,0.96,0.09433962264150944,136
multiple,1,0.038461538461538464,136
vanilla,0.96,0.1111111111111111,137
multiple,1,0.05660377358490566,137
vanilla,0.98,0.0392156862745098,138
multiple,1,0.0196078431372549,138
vanilla,0.98,0.07547169811320754,139
multiple,0.98,0.0392156862745098,139
vanilla,0.96,0.058823529411764705,140
multiple,0.98,0.02,140
