method,power,fdp,seed
vanilla,0.98,0.057692307692307696,486
multiple,1,0.0196078431372549,486
vanilla,0.96,0.04,487
multiple,1,0.038461538461538464,487
vanilla,0.94,0.020833333333333332,488
multiple,1,0.0196078431372549,488
vanilla,1,0.038461538461538464,489
multiple,1,0,489
vanilla,0.96,0.09433962264150944,490
multiple,1,0.038461538461538464,490
