method,power,fdp,seed
vanilla,0.86,0.044444444444444446,151
multiple,0,0,151
vanilla,0.82,0.046511627906976744,152
multiple,0.72,0.02702702702702703,152
vanilla,0.84,0,153
multiple,0.72,0,153
vanilla,0.9,0,154
multiple,0.52,0,154
vanilla,0.72,0,155
multiple,0,0,155
