method,power,fdp,seed
vanilla,0.94,0.11320754716981132,491
multiple,0.96,0.058823529411764705,491
vanilla,1,0.13793103448275862,492
multiple,0.96,0,492
vanilla,0.92,0.02127659574468085,493
multiple,0.98,0,493
vanilla,0.98,0.0392156862745098,494
multiple,0.96,0.02040816326530612,494
vanilla,0.98,0.02,495
multiple,1,0.0196078431372549,495
