method,power,fdp,seed
vanilla,0.96,0.15789473684210525,421
multiple,1,0.038461538461538464,421
vanilla,1,0.09090909090909091,422
multiple,1,0.038461538461538464,422
vanilla,0.98,0.057692307692307696,423
multiple,1,0.05660377358490566,423
vanilla,0.96,0.1111111111111111,424
multiple,1,0.07407407407407407,424
vanilla,0.96,0.07692307692307693,425
multiple,1,0.05660377358490566,425
