method,power,fdp,seed
vanilla,1,0.15254237288135594,26
multiple,1,0.0196078431372549,26
vanilla,0.9,0.1509433962264151,27
multiple,0.92,0.041666666666666664,27
vanilla,0.94,0.06,28
multiple,0.94,0.020833333333333332,28
vanilla,0.84,0.045454545454545456,29
multiple,0.96,0.02040816326530612,29
vanilla,0.9,0.11764705882352941,30
multiple,0.96,0.02040816326530612,30
