method,power,fdp,seed
vanilla,0.94,0,396
multiple,1,0.0196078431372549,396
vanilla,0.9,0.1346153846153846,397
multiple,0.92,0.041666666666666664,397
vanilla,1,0.13793103448275862,398
multiple,1,0.05660377358490566,398
vanilla,1,0.18032786885245902,399
multiple,0.98,0.057692307692307696,399
vanilla,0.92,0,400
multiple,1,0.0196078431372549,400
