method,power,fdp,seed
vanilla,0.94,0,176
multiple,0.96,0,176
vanilla,0.98,0.057692307692307696,177
multiple,1,0,177
vanilla,0.98,0.14035087719298245,178
multiple,1,0,178
vanilla,0.98,0.125,179
multiple,1,0,179
vanilla,0.96,0.09433962264150944,180
multiple,0.98,0.02,180
