method,power,fdp,seed
vanilla,0.96,0.058823529411764705,11
multiple,1,0.0196078431372549,11
vanilla,0.98,0.0392156862745098,12
multiple,1,0,12
vanilla,0.98,0.0392156862745098,13
multiple,1,0.0196078431372549,13
vanilla,1,0.24242424242424243,14
multiple,1,0,14
vanilla,0.96,0.12727272727272726,15
multiple,1,0.05660377358490566,15
