method,power,fdp,seed
vanilla,0.98,0.125,391
multiple,0.94,0.020833333333333332,391
vanilla,0.92,0.08,392
multiple,0.96,0.02040816326530612,392
vanilla,0.92,0.11538461538461539,393
multiple,1,0.038461538461538464,393
vanilla,0.96,0.09433962264150944,394
multiple,0.98,0.057692307692307696,394
vanilla,1,0.07407407407407407,395
multiple,0.9,0.08163265306122448,395
