method,power,fdp,seed
vanilla,0.64,0.030303030303030304,341
multiple,0.92,0.02127659574468085,341
vanilla,0.9,0.0425531914893617,342
multiple,0.86,0.022727272727272728,342
vanilla,0.92,0.11538461538461539,343
multiple,0.9,0.0625,343
vanilla,0.94,0.020833333333333332,344
multiple,0.96,0.02040816326530612,344
vanilla,0.72,0.02702702702702703,345
multiple,0.86,0.044444444444444446,345
