method,power,fdp,seed
vanilla,0.98,0.18333333333333332,316
multiple,1,0.0196078431372549,316
vanilla,0.94,0.06,317
multiple,1,0.0196078431372549,317
vanilla,1,0.038461538461538464,318
multiple,1,0,318
vanilla,0.94,0.11320754716981132,319
multiple,1,0,319
vanilla,1,0.18032786885245902,320
multiple,1,0.07407407407407407,320
