method,power,fdp,seed
vanilla,0.98,0.07547169811320754,301
multiple,1,0.0196078431372549,301
vanilla,1,0.12280701754385964,302
multiple,1,0.05660377358490566,302
vanilla,1,0.09090909090909091,303
multiple,1,0.05660377358490566,303
vanilla,0.98,0.09259259259259259,304
multiple,1,0.0196078431372549,304
vanilla,1,0.07407407407407407,305
multiple,0.98,0,305
