method,power,fdp,seed
vanilla,0.78,0.04878048780487805,456
multiple,0.86,0.022727272727272728,456
vanilla,0.78,0.11363636363636363,457
multiple,0.82,0.023809523809523808,457
vanilla,0.78,0.09302325581395349,458
multiple,0.78,0.025,458
vanilla,0.7,0.027777777777777776,459
multiple,0.78,0,459
vanilla,0.96,0.058823529411764705,460
multiple,0.78,0.025,460
