method,power,fdp,seed
vanilla,1,0.16666666666666666,296
multiple,1,0.038461538461538464,296
vanilla,0.98,0.0392156862745098,297
multiple,0.98,0,297
vanilla,0.92,0.17857142857142858,298
multiple,0.98,0.09259259259259259,298
vanilla,1,0.13793103448275862,299
multiple,0.98,0.02,299
vanilla,1,0.12280701754385964,300
multiple,1,0.038461538461538464,300
