method,power,fdp,seed
vanilla,0.96,0.07692307692307693,341
multiple,1,0.0196078431372549,341
vanilla,0.98,0.0392156862745098,342
multiple,0.98,0.02,342
vanilla,0.94,0.0784313725490196,343
multiple,1,0.07407407407407407,343
vanilla,0.82,0,344
multiple,0.98,0.02,344
vanilla,0.96,0.07692307692307693,345
multiple,1,0.038461538461538464,345
