method,power,fdp,seed
vanilla,0.96,0.07692307692307693,181
multiple,1,0.0196078431372549,181
vanilla,0.98,0.125,182
multiple,0.98,0.0392156862745098,182
vanilla,0.98,0.18333333333333332,183
multiple,1,0.05660377358490566,183
vanilla,0.96,0.07692307692307693,184
multiple,1,0,184
vanilla,0.98,0.09259259259259259,185
multiple,1,0.038461538461538464,185
