method,power,fdp,seed
vanilla,0.94,0.11320754716981132,421
multiple,0.98,0.02,421
vanilla,0.98,0.10909090909090909,422
multiple,1,0.0196078431372549,422
vanilla,0.96,0.04,423
multiple,0.98,0.02,423
vanilla,0.98,0.125,424
multiple,0.96,0.07692307692307693,424
vanilla,0.78,0.025,425
multiple,1,0.0196078431372549,425
