method,power,fdp,seed
vanilla,0.98,0.07547169811320754,461
multiple,0.98,0.057692307692307696,461
vanilla,0.98,0.14035087719298245,462
multiple,1,0.0196078431372549,462
vanilla,0.96,0,463
multiple,1,0,463
vanilla,0.96,0.07692307692307693,464
multiple,1,0.038461538461538464,464
vanilla,0.98,0.02,465
multiple,1,0.0196078431372549,465
