method,power,fdp,seed
vanilla,0.98,0.02,251
multiple,1,0,251
vanilla,0.98,0.0392156862745098,252
multiple,1,0.0196078431372549,252
vanilla,0.96,0.07692307692307693,253
multiple,0.98,0.057692307692307696,253
vanilla,1,0.21875,254
multiple,1,0.0196078431372549,254
vanilla,0.98,0.09259259259259259,255
multiple,0.98,0.07547169811320754,255
