method,power,fdp,seed
vanilla,1,0.0196078431372549,426
multiple,1,0,426
vanilla,0.98,0.02,427
multiple,1,0.0196078431372549,427
vanilla,0.96,0.058823529411764705,428
multiple,1,0.038461538461538464,428
vanilla,0.96,0.09433962264150944,429
multiple,1,0.038461538461538464,429
vanilla,1,0.09090909090909091,430
multiple,1,0.05660377358490566,430
