method,power,fdp,seed
vanilla,1,0.18032786885245902,256
multiple,1,0.05660377358490566,256
vanilla,0.96,0.14285714285714285,257
multiple,0.98,0.0392156862745098,257
vanilla,0.98,0.09259259259259259,258
multiple,1,0.0196078431372549,258
vanilla,1,0.07407407407407407,259
multiple,1,0.038461538461538464,259
vanilla,0.98,0.10909090909090909,260
multiple,1,0.038461538461538464,260
