method,power,fdp,seed
vanilla,0.88,0.022222222222222223,456
multiple,0.96,0.02040816326530612,456
vanilla,0.96,0.15789473684210525,457
multiple,0.92,0.02127659574468085,457
vanilla,0.98,0.14035087719298245,458
multiple,1,0.038461538461538464,458
vanilla,0.9,0.021739130434782608,459
multiple,1,0,459
vanilla,1,0.12280701754385964,460
multiple,1,0.038461538461538464,460
