method,power,fdp,seed
vanilla,0.96,0.02040816326530612,186
multiple,0.98,0.02,186
vanilla,0.96,0.02040816326530612,187
multiple,1,0,187
vanilla,1,0.23076923076923078,188
multiple,1,0,188
vanilla,0.96,0.02040816326530612,189
multiple,1,0.0196078431372549,189
vanilla,0.96,0.2727272727272727,190
multiple,1,0.0196078431372549,190
