method,power,fdp,seed
vanilla,0.94,0.06,471
multiple,0.96,0.02040816326530612,471
vanilla,1,0.09090909090909091,472
multiple,1,0.07407407407407407,472
vanilla,0.96,0.058823529411764705,473
multiple,1,0.07407407407407407,473
vanilla,0.98,0.02,474
multiple,1,0.038461538461538464,474
vanilla,1,0.038461538461538464,475
multiple,1,0,475
