method,power,fdp,seed
vanilla,0.96,0.07692307692307693,136
multiple,1,0.038461538461538464,136
vanilla,1,0.16666666666666666,137
multiple,1,0.038461538461538464,137
vanilla,0.96,0.09433962264150944,138
multiple,1,0.0196078431372549,138
vanilla,0.96,0.02040816326530612,139
multiple,0.96,0,139
vanilla,0.96,0.058823529411764705,140
multiple,0.96,0.02040816326530612,140
