method,power,fdp,seed
vanilla,0.86,0,456
multiple,0.96,0.02040816326530612,456
vanilla,0.8,0.06976744186046512,457
multiple,0.9,0.0425531914893617,457
vanilla,0.96,0.12727272727272726,458
multiple,0.98,0.0392156862745098,458
vanilla,0.9,0.08163265306122448,459
multiple,1,0,459
vanilla,1,0.13793103448275862,460
multiple,1,0.0196078431372549,460
