method,power,fdp,seed
vanilla,0.9,0.11764705882352941,66
multiple,0.8,0.047619047619047616,66
vanilla,0.82,0.023809523809523808,67
multiple,0.96,0,67
vanilla,0.9,0.1346153846153846,68
multiple,1,0.038461538461538464,68
vanilla,0.86,0.10416666666666667,69
multiple,0.88,0,69
vanilla,0.96,0.1111111111111111,70
multiple,0.88,0,70
