method,power,fdp,seed
vanilla,0.94,0.09615384615384616,136
multiple,0.94,0.04081632653061224,136
vanilla,0.94,0.11320754716981132,137
multiple,0.98,0.057692307692307696,137
vanilla,0.96,0.04,138
multiple,0.98,0.02,138
vanilla,0.96,0.07692307692307693,139
multiple,0.96,0,139
vanilla,0.96,0.058823529411764705,140
multiple,0.96,0.02040816326530612,140
