method,power,fdp,seed
vanilla,0.94,0.09615384615384616,71
multiple,0.98,0.02,71
vanilla,1,0.16666666666666666,72
multiple,1,0.12280701754385964,72
vanilla,1,0.13793103448275862,73
multiple,1,0,73
vanilla,0.98,0.057692307692307696,74
multiple,1,0.038461538461538464,74
vanilla,1,0.09090909090909091,75
multiple,1,0,75
