method,power,fdp,seed
vanilla,0.9,0.1,6
multiple,0.98,0.0392156862745098,6
vanilla,0.96,0.058823529411764705,7
multiple,1,0.0196078431372549,7
vanilla,1,0.07407407407407407,8
multiple,1,0.0196078431372549,8
vanilla,0.84,0.023255813953488372,9
multiple,1,0.05660377358490566,9
vanilla,0.88,0.022222222222222223,10
multiple,1,0.0196078431372549,10
