method,power,fdp,seed
vanilla,0.9,0,456
multiple,0.96,0.02040816326530612,456
vanilla,0.9,0.0625,457
multiple,0.92,0.041666666666666664,457
vanilla,0.96,0.12727272727272726,458
multiple,1,0.038461538461538464,458
vanilla,0.94,0.0784313725490196,459
multiple,1,0,459
vanilla,1,0.13793103448275862,460
multiple,1,0.0196078431372549,460
