method,power,fdp,seed
vanilla,1,0.038461538461538464,81
multiple,1,0,81
vanilla,0.94,0.14545454545454545,82
multiple,1,0.0196078431372549,82
vanilla,0.94,0.06,83
multiple,1,0.038461538461538464,83
vanilla,0.86,0.044444444444444446,84
multiple,0.96,0.04,84
vanilla,1,0.12280701754385964,85
multiple,1,0.038461538461538464,85
