method,power,fdp,seed
vanilla,1,0.16666666666666666,376
multiple,1,0.038461538461538464,376
vanilla,0.94,0.12962962962962962,377
multiple,0.92,0.041666666666666664,377
vanilla,1,0.21875,378
multiple,0.98,0,378
vanilla,0.92,0.11538461538461539,379
multiple,0.98,0,379
vanilla,0.98,0.057692307692307696,380
multiple,0.98,0.02,380
