method,power,fdp,seed
vanilla,0.96,0.07692307692307693,91
multiple,1,0,91
vanilla,0.98,0.07547169811320754,92
multiple,0.98,0.0392156862745098,92
vanilla,0.96,0.058823529411764705,93
multiple,1,0.0196078431372549,93
vanilla,0.96,0.058823529411764705,94
multiple,1,0,94
vanilla,0.98,0,95
multiple,1,0.0196078431372549,95
