method,power,fdp,seed
vanilla,0.98,0.057692307692307696,251
multiple,1,0,251
vanilla,1,0.15254237288135594,252
multiple,0.98,0,252
vanilla,0.94,0.020833333333333332,253
multiple,0.98,0.057692307692307696,253
vanilla,1,0.1935483870967742,254
multiple,1,0,254
vanilla,0.92,0.02127659574468085,255
multiple,0.98,0.057692307692307696,255
